,날짜,종가
0,2021-05-01 00:00:00,81700.0
1,2021-05-01 01:00:00,81700.0
2,2021-05-01 02:00:00,81700.0
3,2021-05-01 03:00:00,81700.0
4,2021-05-01 04:00:00,81700.0
5,2021-05-01 05:00:00,81700.0
6,2021-05-01 06:00:00,81700.0
7,2021-05-01 07:00:00,81700.0
8,2021-05-01 08:00:00,81700.0
9,2021-05-01 09:00:00,81700.0
10,2021-05-01 10:00:00,81700.0
11,2021-05-01 11:00:00,81700.0
12,2021-05-01 12:00:00,81700.0
13,2021-05-01 13:00:00,81700.0
14,2021-05-01 14:00:00,81700.0
15,2021-05-01 15:00:00,81700.0
16,2021-05-01 16:00:00,81700.0
17,2021-05-01 17:00:00,81700.0
18,2021-05-01 18:00:00,81700.0
19,2021-05-01 19:00:00,81700.0
20,2021-05-01 20:00:00,81700.0
21,2021-05-01 21:00:00,81700.0
22,2021-05-01 22:00:00,81700.0
23,2021-05-01 23:00:00,81700.0
24,2021-05-02 00:00:00,81700.0
25,2021-05-02 01:00:00,81700.0
26,2021-05-02 02:00:00,81700.0
27,2021-05-02 03:00:00,81700.0
28,2021-05-02 04:00:00,81700.0
29,2021-05-02 05:00:00,81700.0
30,2021-05-02 06:00:00,81700.0
31,2021-05-02 07:00:00,81700.0
32,2021-05-02 08:00:00,81700.0
33,2021-05-02 09:00:00,81700.0
34,2021-05-02 10:00:00,81700.0
35,2021-05-02 11:00:00,81700.0
36,2021-05-02 12:00:00,81700.0
37,2021-05-02 13:00:00,81700.0
38,2021-05-02 14:00:00,81700.0
39,2021-05-02 15:00:00,81700.0
40,2021-05-02 16:00:00,81700.0
41,2021-05-02 17:00:00,81700.0
42,2021-05-02 18:00:00,81700.0
43,2021-05-02 19:00:00,81700.0
44,2021-05-02 20:00:00,81700.0
45,2021-05-02 21:00:00,81700.0
46,2021-05-02 22:00:00,81700.0
47,2021-05-02 23:00:00,81700.0
48,2021-05-03 00:00:00,81700.0
49,2021-05-03 01:00:00,81700.0
50,2021-05-03 02:00:00,81700.0
51,2021-05-03 03:00:00,81700.0
52,2021-05-03 04:00:00,81700.0
53,2021-05-03 05:00:00,81700.0
54,2021-05-03 06:00:00,81700.0
55,2021-05-03 07:00:00,81700.0
56,2021-05-03 08:00:00,81700.0
57,2021-05-03 09:00:00,81700.0
58,2021-05-03 10:00:00,82200.0
59,2021-05-03 11:00:00,82200.0
60,2021-05-03 12:00:00,81900.0
61,2021-05-03 13:00:00,81900.0
62,2021-05-03 14:00:00,81500.0
63,2021-05-03 15:00:00,81600.0
64,2021-05-03 16:00:00,81600.0
65,2021-05-03 17:00:00,81600.0
66,2021-05-03 18:00:00,81600.0
67,2021-05-03 19:00:00,81600.0
68,2021-05-03 20:00:00,81600.0
69,2021-05-03 21:00:00,81600.0
70,2021-05-03 22:00:00,81600.0
71,2021-05-03 23:00:00,81600.0
72,2021-05-04 00:00:00,81600.0
73,2021-05-04 01:00:00,81600.0
74,2021-05-04 02:00:00,81600.0
75,2021-05-04 03:00:00,81600.0
76,2021-05-04 04:00:00,81600.0
77,2021-05-04 05:00:00,81600.0
78,2021-05-04 06:00:00,81600.0
79,2021-05-04 07:00:00,81600.0
80,2021-05-04 08:00:00,81600.0
81,2021-05-04 09:00:00,81600.0
82,2021-05-04 10:00:00,82300.0
83,2021-05-04 11:00:00,82300.0
84,2021-05-04 12:00:00,82200.0
85,2021-05-04 13:00:00,82100.0
86,2021-05-04 14:00:00,82100.0
87,2021-05-04 15:00:00,82400.0
88,2021-05-04 16:00:00,82400.0
89,2021-05-04 17:00:00,82400.0
90,2021-05-04 18:00:00,82400.0
91,2021-05-04 19:00:00,82400.0
92,2021-05-04 20:00:00,82400.0
93,2021-05-04 21:00:00,82400.0
94,2021-05-04 22:00:00,82400.0
95,2021-05-04 23:00:00,82400.0
96,2021-05-05 00:00:00,82400.0
97,2021-05-05 01:00:00,82400.0
98,2021-05-05 02:00:00,82400.0
99,2021-05-05 03:00:00,82400.0
100,2021-05-05 04:00:00,82400.0
101,2021-05-05 05:00:00,82400.0
102,2021-05-05 06:00:00,82400.0
103,2021-05-05 07:00:00,82400.0
104,2021-05-05 08:00:00,82400.0
105,2021-05-05 09:00:00,82400.0
106,2021-05-05 10:00:00,82400.0
107,2021-05-05 11:00:00,82400.0
108,2021-05-05 12:00:00,82400.0
109,2021-05-05 13:00:00,82400.0
110,2021-05-05 14:00:00,82400.0
111,2021-05-05 15:00:00,82400.0
112,2021-05-05 16:00:00,82400.0
113,2021-05-05 17:00:00,82400.0
114,2021-05-05 18:00:00,82400.0
115,2021-05-05 19:00:00,82400.0
116,2021-05-05 20:00:00,82400.0
117,2021-05-05 21:00:00,82400.0
118,2021-05-05 22:00:00,82400.0
119,2021-05-05 23:00:00,82400.0
120,2021-05-06 00:00:00,82400.0
121,2021-05-06 01:00:00,82400.0
122,2021-05-06 02:00:00,82400.0
123,2021-05-06 03:00:00,82400.0
124,2021-05-06 04:00:00,82400.0
125,2021-05-06 05:00:00,82400.0
126,2021-05-06 06:00:00,82400.0
127,2021-05-06 07:00:00,82400.0
128,2021-05-06 08:00:00,82400.0
129,2021-05-06 09:00:00,82400.0
130,2021-05-06 10:00:00,82100.0
131,2021-05-06 11:00:00,82200.0
132,2021-05-06 12:00:00,81800.0
133,2021-05-06 13:00:00,81900.0
134,2021-05-06 14:00:00,81900.0
135,2021-05-06 15:00:00,81900.0
136,2021-05-06 16:00:00,81900.0
137,2021-05-06 17:00:00,81900.0
138,2021-05-06 18:00:00,81900.0
139,2021-05-06 19:00:00,81900.0
140,2021-05-06 20:00:00,81900.0
141,2021-05-06 21:00:00,81900.0
142,2021-05-06 22:00:00,81900.0
143,2021-05-06 23:00:00,81900.0
144,2021-05-07 00:00:00,81900.0
145,2021-05-07 01:00:00,81900.0
146,2021-05-07 02:00:00,81900.0
147,2021-05-07 03:00:00,81900.0
148,2021-05-07 04:00:00,81900.0
149,2021-05-07 05:00:00,81900.0
150,2021-05-07 06:00:00,81900.0
151,2021-05-07 07:00:00,81900.0
152,2021-05-07 08:00:00,81900.0
153,2021-05-07 09:00:00,81900.0
154,2021-05-07 10:00:00,81700.0
155,2021-05-07 11:00:00,82000.0
156,2021-05-07 12:00:00,81800.0
157,2021-05-07 13:00:00,82000.0
158,2021-05-07 14:00:00,82000.0
159,2021-05-07 15:00:00,81900.0
160,2021-05-07 16:00:00,81900.0
161,2021-05-07 17:00:00,81900.0
162,2021-05-07 18:00:00,81900.0
163,2021-05-07 19:00:00,81900.0
164,2021-05-07 20:00:00,81900.0
165,2021-05-07 21:00:00,81900.0
166,2021-05-07 22:00:00,81900.0
167,2021-05-07 23:00:00,81900.0
168,2021-05-08 00:00:00,81900.0
169,2021-05-08 01:00:00,81900.0
170,2021-05-08 02:00:00,81900.0
171,2021-05-08 03:00:00,81900.0
172,2021-05-08 04:00:00,81900.0
173,2021-05-08 05:00:00,81900.0
174,2021-05-08 06:00:00,81900.0
175,2021-05-08 07:00:00,81900.0
176,2021-05-08 08:00:00,81900.0
177,2021-05-08 09:00:00,81900.0
178,2021-05-08 10:00:00,81900.0
179,2021-05-08 11:00:00,81900.0
180,2021-05-08 12:00:00,81900.0
181,2021-05-08 13:00:00,81900.0
182,2021-05-08 14:00:00,81900.0
183,2021-05-08 15:00:00,81900.0
184,2021-05-08 16:00:00,81900.0
185,2021-05-08 17:00:00,81900.0
186,2021-05-08 18:00:00,81900.0
187,2021-05-08 19:00:00,81900.0
188,2021-05-08 20:00:00,81900.0
189,2021-05-08 21:00:00,81900.0
190,2021-05-08 22:00:00,81900.0
191,2021-05-08 23:00:00,81900.0
192,2021-05-09 00:00:00,81900.0
193,2021-05-09 01:00:00,81900.0
194,2021-05-09 02:00:00,81900.0
195,2021-05-09 03:00:00,81900.0
196,2021-05-09 04:00:00,81900.0
197,2021-05-09 05:00:00,81900.0
198,2021-05-09 06:00:00,81900.0
199,2021-05-09 07:00:00,81900.0
200,2021-05-09 08:00:00,81900.0
201,2021-05-09 09:00:00,81900.0
202,2021-05-09 10:00:00,81900.0
203,2021-05-09 11:00:00,81900.0
204,2021-05-09 12:00:00,81900.0
205,2021-05-09 13:00:00,81900.0
206,2021-05-09 14:00:00,81900.0
207,2021-05-09 15:00:00,81900.0
208,2021-05-09 16:00:00,81900.0
209,2021-05-09 17:00:00,81900.0
210,2021-05-09 18:00:00,81900.0
211,2021-05-09 19:00:00,81900.0
212,2021-05-09 20:00:00,81900.0
213,2021-05-09 21:00:00,81900.0
214,2021-05-09 22:00:00,81900.0
215,2021-05-09 23:00:00,81900.0
216,2021-05-10 00:00:00,81900.0
217,2021-05-10 01:00:00,81900.0
218,2021-05-10 02:00:00,81900.0
219,2021-05-10 03:00:00,81900.0
220,2021-05-10 04:00:00,81900.0
221,2021-05-10 05:00:00,81900.0
222,2021-05-10 06:00:00,81900.0
223,2021-05-10 07:00:00,81900.0
224,2021-05-10 08:00:00,81900.0
225,2021-05-10 09:00:00,81900.0
226,2021-05-10 10:00:00,82000.0
227,2021-05-10 11:00:00,82400.0
228,2021-05-10 12:00:00,82700.0
229,2021-05-10 13:00:00,82600.0
230,2021-05-10 14:00:00,83300.0
231,2021-05-10 15:00:00,83400.0
232,2021-05-10 16:00:00,83400.0
233,2021-05-10 17:00:00,83400.0
234,2021-05-10 18:00:00,83400.0
235,2021-05-10 19:00:00,83400.0
236,2021-05-10 20:00:00,83400.0
237,2021-05-10 21:00:00,83400.0
238,2021-05-10 22:00:00,83400.0
239,2021-05-10 23:00:00,83400.0
240,2021-05-11 00:00:00,83400.0
241,2021-05-11 01:00:00,83400.0
242,2021-05-11 02:00:00,83400.0
243,2021-05-11 03:00:00,83400.0
244,2021-05-11 04:00:00,83400.0
245,2021-05-11 05:00:00,83400.0
246,2021-05-11 06:00:00,83400.0
247,2021-05-11 07:00:00,83400.0
248,2021-05-11 08:00:00,83400.0
249,2021-05-11 09:00:00,83400.0
250,2021-05-11 10:00:00,81700.0
251,2021-05-11 11:00:00,81500.0
252,2021-05-11 12:00:00,81500.0
253,2021-05-11 13:00:00,81600.0
254,2021-05-11 14:00:00,81300.0
255,2021-05-11 15:00:00,81300.0
256,2021-05-11 16:00:00,81300.0
257,2021-05-11 17:00:00,81300.0
258,2021-05-11 18:00:00,81300.0
259,2021-05-11 19:00:00,81300.0
260,2021-05-11 20:00:00,81300.0
261,2021-05-11 21:00:00,81300.0
262,2021-05-11 22:00:00,81300.0
263,2021-05-11 23:00:00,81300.0
264,2021-05-12 00:00:00,81300.0
265,2021-05-12 01:00:00,81300.0
266,2021-05-12 02:00:00,81300.0
267,2021-05-12 03:00:00,81300.0
268,2021-05-12 04:00:00,81300.0
269,2021-05-12 05:00:00,81300.0
270,2021-05-12 06:00:00,81300.0
271,2021-05-12 07:00:00,81300.0
272,2021-05-12 08:00:00,81300.0
273,2021-05-12 09:00:00,81300.0
274,2021-05-12 10:00:00,80600.0
275,2021-05-12 11:00:00,80500.0
276,2021-05-12 12:00:00,80300.0
277,2021-05-12 13:00:00,79900.0
278,2021-05-12 14:00:00,79900.0
279,2021-05-12 15:00:00,80000.0
280,2021-05-12 16:00:00,80000.0
281,2021-05-12 17:00:00,80000.0
282,2021-05-12 18:00:00,80000.0
283,2021-05-12 19:00:00,80000.0
284,2021-05-12 20:00:00,80000.0
285,2021-05-12 21:00:00,80000.0
286,2021-05-12 22:00:00,80000.0
287,2021-05-12 23:00:00,80000.0
288,2021-05-13 00:00:00,80000.0
289,2021-05-13 01:00:00,80000.0
290,2021-05-13 02:00:00,80000.0
291,2021-05-13 03:00:00,80000.0
292,2021-05-13 04:00:00,80000.0
293,2021-05-13 05:00:00,80000.0
294,2021-05-13 06:00:00,80000.0
295,2021-05-13 07:00:00,80000.0
296,2021-05-13 08:00:00,80000.0
297,2021-05-13 09:00:00,80000.0
298,2021-05-13 10:00:00,79100.0
299,2021-05-13 11:00:00,78900.0
300,2021-05-13 12:00:00,79000.0
301,2021-05-13 13:00:00,78900.0
302,2021-05-13 14:00:00,78800.0
303,2021-05-13 15:00:00,78600.0
304,2021-05-13 16:00:00,78600.0
305,2021-05-13 17:00:00,78600.0
306,2021-05-13 18:00:00,78600.0
307,2021-05-13 19:00:00,78600.0
308,2021-05-13 20:00:00,78600.0
309,2021-05-13 21:00:00,78600.0
310,2021-05-13 22:00:00,78600.0
311,2021-05-13 23:00:00,78600.0
312,2021-05-14 00:00:00,78600.0
313,2021-05-14 01:00:00,78600.0
314,2021-05-14 02:00:00,78600.0
315,2021-05-14 03:00:00,78600.0
316,2021-05-14 04:00:00,78600.0
317,2021-05-14 05:00:00,78600.0
318,2021-05-14 06:00:00,78600.0
319,2021-05-14 07:00:00,78600.0
320,2021-05-14 08:00:00,78600.0
321,2021-05-14 09:00:00,78600.0
322,2021-05-14 10:00:00,80000.0
323,2021-05-14 11:00:00,79900.0
324,2021-05-14 12:00:00,79800.0
325,2021-05-14 13:00:00,79900.0
326,2021-05-14 14:00:00,80100.0
327,2021-05-14 15:00:00,80200.0
328,2021-05-14 16:00:00,80200.0
329,2021-05-14 17:00:00,80200.0
330,2021-05-14 18:00:00,80200.0
331,2021-05-14 19:00:00,80200.0
332,2021-05-14 20:00:00,80200.0
333,2021-05-14 21:00:00,80200.0
334,2021-05-14 22:00:00,80200.0
335,2021-05-14 23:00:00,80200.0
336,2021-05-15 00:00:00,80200.0
337,2021-05-15 01:00:00,80200.0
338,2021-05-15 02:00:00,80200.0
339,2021-05-15 03:00:00,80200.0
340,2021-05-15 04:00:00,80200.0
341,2021-05-15 05:00:00,80200.0
342,2021-05-15 06:00:00,80200.0
343,2021-05-15 07:00:00,80200.0
344,2021-05-15 08:00:00,80200.0
345,2021-05-15 09:00:00,80200.0
346,2021-05-15 10:00:00,80200.0
347,2021-05-15 11:00:00,80200.0
348,2021-05-15 12:00:00,80200.0
349,2021-05-15 13:00:00,80200.0
350,2021-05-15 14:00:00,80200.0
351,2021-05-15 15:00:00,80200.0
352,2021-05-15 16:00:00,80200.0
353,2021-05-15 17:00:00,80200.0
354,2021-05-15 18:00:00,80200.0
355,2021-05-15 19:00:00,80200.0
356,2021-05-15 20:00:00,80200.0
357,2021-05-15 21:00:00,80200.0
358,2021-05-15 22:00:00,80200.0
359,2021-05-15 23:00:00,80200.0
360,2021-05-16 00:00:00,80200.0
361,2021-05-16 01:00:00,80200.0
362,2021-05-16 02:00:00,80200.0
363,2021-05-16 03:00:00,80200.0
364,2021-05-16 04:00:00,80200.0
365,2021-05-16 05:00:00,80200.0
366,2021-05-16 06:00:00,80200.0
367,2021-05-16 07:00:00,80200.0
368,2021-05-16 08:00:00,80200.0
369,2021-05-16 09:00:00,80200.0
370,2021-05-16 10:00:00,80200.0
371,2021-05-16 11:00:00,80200.0
372,2021-05-16 12:00:00,80200.0
373,2021-05-16 13:00:00,80200.0
374,2021-05-16 14:00:00,80200.0
375,2021-05-16 15:00:00,80200.0
376,2021-05-16 16:00:00,80200.0
377,2021-05-16 17:00:00,80200.0
378,2021-05-16 18:00:00,80200.0
379,2021-05-16 19:00:00,80200.0
380,2021-05-16 20:00:00,80200.0
381,2021-05-16 21:00:00,80200.0
382,2021-05-16 22:00:00,80200.0
383,2021-05-16 23:00:00,80200.0
384,2021-05-17 00:00:00,80200.0
385,2021-05-17 01:00:00,80200.0
386,2021-05-17 02:00:00,80200.0
387,2021-05-17 03:00:00,80200.0
388,2021-05-17 04:00:00,80200.0
389,2021-05-17 05:00:00,80200.0
390,2021-05-17 06:00:00,80200.0
391,2021-05-17 07:00:00,80200.0
392,2021-05-17 08:00:00,80200.0
393,2021-05-17 09:00:00,80200.0
394,2021-05-17 10:00:00,79700.0
395,2021-05-17 11:00:00,79700.0
396,2021-05-17 12:00:00,79500.0
397,2021-05-17 13:00:00,79300.0
398,2021-05-17 14:00:00,79500.0
399,2021-05-17 15:00:00,79600.0
400,2021-05-17 16:00:00,79600.0
401,2021-05-17 17:00:00,79600.0
402,2021-05-17 18:00:00,79600.0
403,2021-05-17 19:00:00,79600.0
404,2021-05-17 20:00:00,79600.0
405,2021-05-17 21:00:00,79600.0
406,2021-05-17 22:00:00,79600.0
407,2021-05-17 23:00:00,79600.0
408,2021-05-18 00:00:00,79600.0
409,2021-05-18 01:00:00,79600.0
410,2021-05-18 02:00:00,79600.0
411,2021-05-18 03:00:00,79600.0
412,2021-05-18 04:00:00,79600.0
413,2021-05-18 05:00:00,79600.0
414,2021-05-18 06:00:00,79600.0
415,2021-05-18 07:00:00,79600.0
416,2021-05-18 08:00:00,79600.0
417,2021-05-18 09:00:00,79600.0
418,2021-05-18 10:00:00,79600.0
419,2021-05-18 11:00:00,79900.0
420,2021-05-18 12:00:00,79800.0
421,2021-05-18 13:00:00,79800.0
422,2021-05-18 14:00:00,79700.0
423,2021-05-18 15:00:00,79800.0
424,2021-05-18 16:00:00,79800.0
425,2021-05-18 17:00:00,79800.0
426,2021-05-18 18:00:00,79800.0
427,2021-05-18 19:00:00,79800.0
428,2021-05-18 20:00:00,79800.0
429,2021-05-18 21:00:00,79800.0
430,2021-05-18 22:00:00,79800.0
431,2021-05-18 23:00:00,79800.0
432,2021-05-19 00:00:00,79800.0
433,2021-05-19 01:00:00,79800.0
434,2021-05-19 02:00:00,79800.0
435,2021-05-19 03:00:00,79800.0
436,2021-05-19 04:00:00,79800.0
437,2021-05-19 05:00:00,79800.0
438,2021-05-19 06:00:00,79800.0
439,2021-05-19 07:00:00,79800.0
440,2021-05-19 08:00:00,79800.0
441,2021-05-19 09:00:00,79800.0
442,2021-05-19 10:00:00,79800.0
443,2021-05-19 11:00:00,79800.0
444,2021-05-19 12:00:00,79800.0
445,2021-05-19 13:00:00,79800.0
446,2021-05-19 14:00:00,79800.0
447,2021-05-19 15:00:00,79800.0
448,2021-05-19 16:00:00,79800.0
449,2021-05-19 17:00:00,79800.0
450,2021-05-19 18:00:00,79800.0
451,2021-05-19 19:00:00,79800.0
452,2021-05-19 20:00:00,79800.0
453,2021-05-19 21:00:00,79800.0
454,2021-05-19 22:00:00,79800.0
455,2021-05-19 23:00:00,79800.0
456,2021-05-20 00:00:00,79800.0
457,2021-05-20 01:00:00,79800.0
458,2021-05-20 02:00:00,79800.0
459,2021-05-20 03:00:00,79800.0
460,2021-05-20 04:00:00,79800.0
461,2021-05-20 05:00:00,79800.0
462,2021-05-20 06:00:00,79800.0
463,2021-05-20 07:00:00,79800.0
464,2021-05-20 08:00:00,79800.0
465,2021-05-20 09:00:00,79800.0
466,2021-05-20 10:00:00,79500.0
467,2021-05-20 11:00:00,79600.0
468,2021-05-20 12:00:00,79500.0
469,2021-05-20 13:00:00,79600.0
470,2021-05-20 14:00:00,79500.0
471,2021-05-20 15:00:00,79500.0
472,2021-05-20 16:00:00,79500.0
473,2021-05-20 17:00:00,79500.0
474,2021-05-20 18:00:00,79500.0
475,2021-05-20 19:00:00,79500.0
476,2021-05-20 20:00:00,79500.0
477,2021-05-20 21:00:00,79500.0
478,2021-05-20 22:00:00,79500.0
479,2021-05-20 23:00:00,79500.0
480,2021-05-21 00:00:00,79500.0
481,2021-05-21 01:00:00,79500.0
482,2021-05-21 02:00:00,79500.0
483,2021-05-21 03:00:00,79500.0
484,2021-05-21 04:00:00,79500.0
485,2021-05-21 05:00:00,79500.0
486,2021-05-21 06:00:00,79500.0
487,2021-05-21 07:00:00,79500.0
488,2021-05-21 08:00:00,79500.0
489,2021-05-21 09:00:00,79500.0
490,2021-05-21 10:00:00,81300.0
491,2021-05-21 11:00:00,80800.0
492,2021-05-21 12:00:00,80300.0
493,2021-05-21 13:00:00,80100.0
494,2021-05-21 14:00:00,80100.0
495,2021-05-21 15:00:00,80000.0
496,2021-05-21 16:00:00,80000.0
497,2021-05-21 17:00:00,80000.0
498,2021-05-21 18:00:00,80000.0
499,2021-05-21 19:00:00,80000.0
500,2021-05-21 20:00:00,80000.0
501,2021-05-21 21:00:00,80000.0
502,2021-05-21 22:00:00,80000.0
503,2021-05-21 23:00:00,80000.0
504,2021-05-22 00:00:00,80000.0
505,2021-05-22 01:00:00,80000.0
506,2021-05-22 02:00:00,80000.0
507,2021-05-22 03:00:00,80000.0
508,2021-05-22 04:00:00,80000.0
509,2021-05-22 05:00:00,80000.0
510,2021-05-22 06:00:00,80000.0
511,2021-05-22 07:00:00,80000.0
512,2021-05-22 08:00:00,80000.0
513,2021-05-22 09:00:00,80000.0
514,2021-05-22 10:00:00,80000.0
515,2021-05-22 11:00:00,80000.0
516,2021-05-22 12:00:00,80000.0
517,2021-05-22 13:00:00,80000.0
518,2021-05-22 14:00:00,80000.0
519,2021-05-22 15:00:00,80000.0
520,2021-05-22 16:00:00,80000.0
521,2021-05-22 17:00:00,80000.0
522,2021-05-22 18:00:00,80000.0
523,2021-05-22 19:00:00,80000.0
524,2021-05-22 20:00:00,80000.0
525,2021-05-22 21:00:00,80000.0
526,2021-05-22 22:00:00,80000.0
527,2021-05-22 23:00:00,80000.0
528,2021-05-23 00:00:00,80000.0
529,2021-05-23 01:00:00,80000.0
530,2021-05-23 02:00:00,80000.0
531,2021-05-23 03:00:00,80000.0
532,2021-05-23 04:00:00,80000.0
533,2021-05-23 05:00:00,80000.0
534,2021-05-23 06:00:00,80000.0
535,2021-05-23 07:00:00,80000.0
536,2021-05-23 08:00:00,80000.0
537,2021-05-23 09:00:00,80000.0
538,2021-05-23 10:00:00,80000.0
539,2021-05-23 11:00:00,80000.0
540,2021-05-23 12:00:00,80000.0
541,2021-05-23 13:00:00,80000.0
542,2021-05-23 14:00:00,80000.0
543,2021-05-23 15:00:00,80000.0
544,2021-05-23 16:00:00,80000.0
545,2021-05-23 17:00:00,80000.0
546,2021-05-23 18:00:00,80000.0
547,2021-05-23 19:00:00,80000.0
548,2021-05-23 20:00:00,80000.0
549,2021-05-23 21:00:00,80000.0
550,2021-05-23 22:00:00,80000.0
551,2021-05-23 23:00:00,80000.0
552,2021-05-24 00:00:00,80000.0
553,2021-05-24 01:00:00,80000.0
554,2021-05-24 02:00:00,80000.0
555,2021-05-24 03:00:00,80000.0
556,2021-05-24 04:00:00,80000.0
557,2021-05-24 05:00:00,80000.0
558,2021-05-24 06:00:00,80000.0
559,2021-05-24 07:00:00,80000.0
560,2021-05-24 08:00:00,80000.0
561,2021-05-24 09:00:00,80000.0
562,2021-05-24 10:00:00,79800.0
563,2021-05-24 11:00:00,79800.0
564,2021-05-24 12:00:00,79600.0
565,2021-05-24 13:00:00,79700.0
566,2021-05-24 14:00:00,79700.0
567,2021-05-24 15:00:00,79500.0
568,2021-05-24 16:00:00,79500.0
569,2021-05-24 17:00:00,79500.0
570,2021-05-24 18:00:00,79500.0
571,2021-05-24 19:00:00,79500.0
572,2021-05-24 20:00:00,79500.0
573,2021-05-24 21:00:00,79500.0
574,2021-05-24 22:00:00,79500.0
575,2021-05-24 23:00:00,79500.0
576,2021-05-25 00:00:00,79500.0
577,2021-05-25 01:00:00,79500.0
578,2021-05-25 02:00:00,79500.0
579,2021-05-25 03:00:00,79500.0
580,2021-05-25 04:00:00,79500.0
581,2021-05-25 05:00:00,79500.0
582,2021-05-25 06:00:00,79500.0
583,2021-05-25 07:00:00,79500.0
584,2021-05-25 08:00:00,79500.0
585,2021-05-25 09:00:00,79500.0
586,2021-05-25 10:00:00,80200.0
587,2021-05-25 11:00:00,80200.0
588,2021-05-25 12:00:00,80300.0
589,2021-05-25 13:00:00,80200.0
590,2021-05-25 14:00:00,80200.0
591,2021-05-25 15:00:00,80100.0
592,2021-05-25 16:00:00,80100.0
593,2021-05-25 17:00:00,80100.0
594,2021-05-25 18:00:00,80100.0
595,2021-05-25 19:00:00,80100.0
596,2021-05-25 20:00:00,80100.0
597,2021-05-25 21:00:00,80100.0
598,2021-05-25 22:00:00,80100.0
599,2021-05-25 23:00:00,80100.0
600,2021-05-26 00:00:00,80100.0
601,2021-05-26 01:00:00,80100.0
602,2021-05-26 02:00:00,80100.0
603,2021-05-26 03:00:00,80100.0
604,2021-05-26 04:00:00,80100.0
605,2021-05-26 05:00:00,80100.0
606,2021-05-26 06:00:00,80100.0
607,2021-05-26 07:00:00,80100.0
608,2021-05-26 08:00:00,80100.0
609,2021-05-26 09:00:00,80100.0
610,2021-05-26 10:00:00,80100.0
611,2021-05-26 11:00:00,79900.0
612,2021-05-26 12:00:00,79900.0
613,2021-05-26 13:00:00,79800.0
614,2021-05-26 14:00:00,79900.0
615,2021-05-26 15:00:00,80000.0
616,2021-05-26 16:00:00,80000.0
617,2021-05-26 17:00:00,80000.0
618,2021-05-26 18:00:00,80000.0
619,2021-05-26 19:00:00,80000.0
620,2021-05-26 20:00:00,80000.0
621,2021-05-26 21:00:00,80000.0
622,2021-05-26 22:00:00,80000.0
623,2021-05-26 23:00:00,80000.0
624,2021-05-27 00:00:00,80000.0
625,2021-05-27 01:00:00,80000.0
626,2021-05-27 02:00:00,80000.0
627,2021-05-27 03:00:00,80000.0
628,2021-05-27 04:00:00,80000.0
629,2021-05-27 05:00:00,80000.0
630,2021-05-27 06:00:00,80000.0
631,2021-05-27 07:00:00,80000.0
632,2021-05-27 08:00:00,80000.0
633,2021-05-27 09:00:00,80000.0
634,2021-05-27 10:00:00,79300.0
635,2021-05-27 11:00:00,79300.0
636,2021-05-27 12:00:00,79300.0
637,2021-05-27 13:00:00,79500.0
638,2021-05-27 14:00:00,79600.0
639,2021-05-27 15:00:00,80000.0
640,2021-05-27 16:00:00,80000.0
641,2021-05-27 17:00:00,80000.0
642,2021-05-27 18:00:00,80000.0
643,2021-05-27 19:00:00,80000.0
644,2021-05-27 20:00:00,80000.0
645,2021-05-27 21:00:00,80000.0
646,2021-05-27 22:00:00,80000.0
647,2021-05-27 23:00:00,80000.0
648,2021-05-28 00:00:00,80000.0
649,2021-05-28 01:00:00,80000.0
650,2021-05-28 02:00:00,80000.0
651,2021-05-28 03:00:00,80000.0
652,2021-05-28 04:00:00,80000.0
653,2021-05-28 05:00:00,80000.0
654,2021-05-28 06:00:00,80000.0
655,2021-05-28 07:00:00,80000.0
656,2021-05-28 08:00:00,80000.0
657,2021-05-28 09:00:00,80000.0
658,2021-05-28 10:00:00,79800.0
659,2021-05-28 11:00:00,79900.0
660,2021-05-28 12:00:00,80000.0
661,2021-05-28 13:00:00,80000.0
662,2021-05-28 14:00:00,80200.0
663,2021-05-28 15:00:00,80200.0
664,2021-05-28 16:00:00,80200.0
665,2021-05-28 17:00:00,80200.0
666,2021-05-28 18:00:00,80200.0
667,2021-05-28 19:00:00,80200.0
668,2021-05-28 20:00:00,80200.0
669,2021-05-28 21:00:00,80200.0
670,2021-05-28 22:00:00,80200.0
671,2021-05-28 23:00:00,80200.0
672,2021-05-29 00:00:00,80200.0
673,2021-05-29 01:00:00,80200.0
674,2021-05-29 02:00:00,80200.0
675,2021-05-29 03:00:00,80200.0
676,2021-05-29 04:00:00,80200.0
677,2021-05-29 05:00:00,80200.0
678,2021-05-29 06:00:00,80200.0
679,2021-05-29 07:00:00,80200.0
680,2021-05-29 08:00:00,80200.0
681,2021-05-29 09:00:00,80200.0
682,2021-05-29 10:00:00,80200.0
683,2021-05-29 11:00:00,80200.0
684,2021-05-29 12:00:00,80200.0
685,2021-05-29 13:00:00,80200.0
686,2021-05-29 14:00:00,80200.0
687,2021-05-29 15:00:00,80200.0
688,2021-05-29 16:00:00,80200.0
689,2021-05-29 17:00:00,80200.0
690,2021-05-29 18:00:00,80200.0
691,2021-05-29 19:00:00,80200.0
692,2021-05-29 20:00:00,80200.0
693,2021-05-29 21:00:00,80200.0
694,2021-05-29 22:00:00,80200.0
695,2021-05-29 23:00:00,80200.0
696,2021-05-30 00:00:00,80200.0
697,2021-05-30 01:00:00,80200.0
698,2021-05-30 02:00:00,80200.0
699,2021-05-30 03:00:00,80200.0
700,2021-05-30 04:00:00,80200.0
701,2021-05-30 05:00:00,80200.0
702,2021-05-30 06:00:00,80200.0
703,2021-05-30 07:00:00,80200.0
704,2021-05-30 08:00:00,80200.0
705,2021-05-30 09:00:00,80200.0
706,2021-05-30 10:00:00,80200.0
707,2021-05-30 11:00:00,80200.0
708,2021-05-30 12:00:00,80200.0
709,2021-05-30 13:00:00,80200.0
710,2021-05-30 14:00:00,80200.0
711,2021-05-30 15:00:00,80200.0
712,2021-05-30 16:00:00,80200.0
713,2021-05-30 17:00:00,80200.0
714,2021-05-30 18:00:00,80200.0
715,2021-05-30 19:00:00,80200.0
716,2021-05-30 20:00:00,80200.0
717,2021-05-30 21:00:00,80200.0
718,2021-05-30 22:00:00,80200.0
719,2021-05-30 23:00:00,80200.0
720,2021-05-31 00:00:00,80200.0
721,2021-05-31 01:00:00,80200.0
722,2021-05-31 02:00:00,80200.0
723,2021-05-31 03:00:00,80200.0
724,2021-05-31 04:00:00,80200.0
725,2021-05-31 05:00:00,80200.0
726,2021-05-31 06:00:00,80200.0
727,2021-05-31 07:00:00,80200.0
728,2021-05-31 08:00:00,80200.0
729,2021-05-31 09:00:00,80200.0
730,2021-05-31 10:00:00,79800.0
731,2021-05-31 11:00:00,79800.0
732,2021-05-31 12:00:00,79900.0
733,2021-05-31 13:00:00,79800.0
734,2021-05-31 14:00:00,79800.0
735,2021-05-31 15:00:00,80300.0
736,2021-05-31 16:00:00,80300.0
737,2021-05-31 17:00:00,80300.0
738,2021-05-31 18:00:00,80300.0
739,2021-05-31 19:00:00,80300.0
740,2021-05-31 20:00:00,80300.0
741,2021-05-31 21:00:00,80300.0
742,2021-05-31 22:00:00,80300.0
743,2021-05-31 23:00:00,80300.0
744,2021-06-01 00:00:00,80300.0
745,2021-06-01 01:00:00,80300.0
746,2021-06-01 02:00:00,80300.0
747,2021-06-01 03:00:00,80300.0
748,2021-06-01 04:00:00,80300.0
749,2021-06-01 05:00:00,80300.0
750,2021-06-01 06:00:00,80300.0
751,2021-06-01 07:00:00,80300.0
752,2021-06-01 08:00:00,80300.0
753,2021-06-01 09:00:00,80300.0
754,2021-06-01 10:00:00,80900.0
755,2021-06-01 11:00:00,81000.0
756,2021-06-01 12:00:00,80400.0
757,2021-06-01 13:00:00,80700.0
758,2021-06-01 14:00:00,80800.0
759,2021-06-01 15:00:00,80700.0
760,2021-06-01 16:00:00,80700.0
761,2021-06-01 17:00:00,80700.0
762,2021-06-01 18:00:00,80700.0
763,2021-06-01 19:00:00,80700.0
764,2021-06-01 20:00:00,80700.0
765,2021-06-01 21:00:00,80700.0
766,2021-06-01 22:00:00,80700.0
767,2021-06-01 23:00:00,80700.0
768,2021-06-02 00:00:00,80700.0
769,2021-06-02 01:00:00,80700.0
770,2021-06-02 02:00:00,80700.0
771,2021-06-02 03:00:00,80700.0
772,2021-06-02 04:00:00,80700.0
773,2021-06-02 05:00:00,80700.0
774,2021-06-02 06:00:00,80700.0
775,2021-06-02 07:00:00,80700.0
776,2021-06-02 08:00:00,80700.0
777,2021-06-02 09:00:00,80700.0
778,2021-06-02 10:00:00,81100.0
779,2021-06-02 11:00:00,81100.0
780,2021-06-02 12:00:00,80600.0
781,2021-06-02 13:00:00,80900.0
782,2021-06-02 14:00:00,80900.0
783,2021-06-02 15:00:00,80800.0
784,2021-06-02 16:00:00,80800.0
785,2021-06-02 17:00:00,80800.0
786,2021-06-02 18:00:00,80800.0
787,2021-06-02 19:00:00,80800.0
788,2021-06-02 20:00:00,80800.0
789,2021-06-02 21:00:00,80800.0
790,2021-06-02 22:00:00,80800.0
791,2021-06-02 23:00:00,80800.0
792,2021-06-03 00:00:00,80800.0
793,2021-06-03 01:00:00,80800.0
794,2021-06-03 02:00:00,80800.0
795,2021-06-03 03:00:00,80800.0
796,2021-06-03 04:00:00,80800.0
797,2021-06-03 05:00:00,80800.0
798,2021-06-03 06:00:00,80800.0
799,2021-06-03 07:00:00,80800.0
800,2021-06-03 08:00:00,80800.0
801,2021-06-03 09:00:00,80800.0
802,2021-06-03 10:00:00,82800.0
803,2021-06-03 11:00:00,82700.0
804,2021-06-03 12:00:00,82700.0
805,2021-06-03 13:00:00,82900.0
806,2021-06-03 14:00:00,82900.0
807,2021-06-03 15:00:00,82800.0
808,2021-06-03 16:00:00,82800.0
809,2021-06-03 17:00:00,82800.0
810,2021-06-03 18:00:00,82800.0
811,2021-06-03 19:00:00,82800.0
812,2021-06-03 20:00:00,82800.0
813,2021-06-03 21:00:00,82800.0
814,2021-06-03 22:00:00,82800.0
815,2021-06-03 23:00:00,82800.0
816,2021-06-04 00:00:00,82800.0
817,2021-06-04 01:00:00,82800.0
818,2021-06-04 02:00:00,82800.0
819,2021-06-04 03:00:00,82800.0
820,2021-06-04 04:00:00,82800.0
821,2021-06-04 05:00:00,82800.0
822,2021-06-04 06:00:00,82800.0
823,2021-06-04 07:00:00,82800.0
824,2021-06-04 08:00:00,82800.0
825,2021-06-04 09:00:00,82800.0
826,2021-06-04 10:00:00,82000.0
827,2021-06-04 11:00:00,81900.0
828,2021-06-04 12:00:00,81900.0
829,2021-06-04 13:00:00,82400.0
830,2021-06-04 14:00:00,82400.0
831,2021-06-04 15:00:00,82200.0
832,2021-06-04 16:00:00,82200.0
833,2021-06-04 17:00:00,82200.0
834,2021-06-04 18:00:00,82200.0
835,2021-06-04 19:00:00,82200.0
836,2021-06-04 20:00:00,82200.0
837,2021-06-04 21:00:00,82200.0
838,2021-06-04 22:00:00,82200.0
839,2021-06-04 23:00:00,82200.0
840,2021-06-05 00:00:00,82200.0
841,2021-06-05 01:00:00,82200.0
842,2021-06-05 02:00:00,82200.0
843,2021-06-05 03:00:00,82200.0
844,2021-06-05 04:00:00,82200.0
845,2021-06-05 05:00:00,82200.0
846,2021-06-05 06:00:00,82200.0
847,2021-06-05 07:00:00,82200.0
848,2021-06-05 08:00:00,82200.0
849,2021-06-05 09:00:00,82200.0
850,2021-06-05 10:00:00,82200.0
851,2021-06-05 11:00:00,82200.0
852,2021-06-05 12:00:00,82200.0
853,2021-06-05 13:00:00,82200.0
854,2021-06-05 14:00:00,82200.0
855,2021-06-05 15:00:00,82200.0
856,2021-06-05 16:00:00,82200.0
857,2021-06-05 17:00:00,82200.0
858,2021-06-05 18:00:00,82200.0
859,2021-06-05 19:00:00,82200.0
860,2021-06-05 20:00:00,82200.0
861,2021-06-05 21:00:00,82200.0
862,2021-06-05 22:00:00,82200.0
863,2021-06-05 23:00:00,82200.0
864,2021-06-06 00:00:00,82200.0
865,2021-06-06 01:00:00,82200.0
866,2021-06-06 02:00:00,82200.0
867,2021-06-06 03:00:00,82200.0
868,2021-06-06 04:00:00,82200.0
869,2021-06-06 05:00:00,82200.0
870,2021-06-06 06:00:00,82200.0
871,2021-06-06 07:00:00,82200.0
872,2021-06-06 08:00:00,82200.0
873,2021-06-06 09:00:00,82200.0
874,2021-06-06 10:00:00,82200.0
875,2021-06-06 11:00:00,82200.0
876,2021-06-06 12:00:00,82200.0
877,2021-06-06 13:00:00,82200.0
878,2021-06-06 14:00:00,82200.0
879,2021-06-06 15:00:00,82200.0
880,2021-06-06 16:00:00,82200.0
881,2021-06-06 17:00:00,82200.0
882,2021-06-06 18:00:00,82200.0
883,2021-06-06 19:00:00,82200.0
884,2021-06-06 20:00:00,82200.0
885,2021-06-06 21:00:00,82200.0
886,2021-06-06 22:00:00,82200.0
887,2021-06-06 23:00:00,82200.0
888,2021-06-07 00:00:00,82200.0
889,2021-06-07 01:00:00,82200.0
890,2021-06-07 02:00:00,82200.0
891,2021-06-07 03:00:00,82200.0
892,2021-06-07 04:00:00,82200.0
893,2021-06-07 05:00:00,82200.0
894,2021-06-07 06:00:00,82200.0
895,2021-06-07 07:00:00,82200.0
896,2021-06-07 08:00:00,82200.0
897,2021-06-07 09:00:00,82200.0
898,2021-06-07 10:00:00,82000.0
899,2021-06-07 11:00:00,81900.0
900,2021-06-07 12:00:00,81900.0
901,2021-06-07 13:00:00,81800.0
902,2021-06-07 14:00:00,82300.0
903,2021-06-07 15:00:00,82000.0
904,2021-06-07 16:00:00,82000.0
905,2021-06-07 17:00:00,82000.0
906,2021-06-07 18:00:00,82000.0
907,2021-06-07 19:00:00,82000.0
908,2021-06-07 20:00:00,82000.0
909,2021-06-07 21:00:00,82000.0
910,2021-06-07 22:00:00,82000.0
911,2021-06-07 23:00:00,82000.0
912,2021-06-08 00:00:00,82000.0
913,2021-06-08 01:00:00,82000.0
914,2021-06-08 02:00:00,82000.0
915,2021-06-08 03:00:00,82000.0
916,2021-06-08 04:00:00,82000.0
917,2021-06-08 05:00:00,82000.0
918,2021-06-08 06:00:00,82000.0
919,2021-06-08 07:00:00,82000.0
920,2021-06-08 08:00:00,82000.0
921,2021-06-08 09:00:00,82000.0
922,2021-06-08 10:00:00,82100.0
923,2021-06-08 11:00:00,82200.0
924,2021-06-08 12:00:00,81900.0
925,2021-06-08 13:00:00,81900.0
926,2021-06-08 14:00:00,82000.0
927,2021-06-08 15:00:00,82000.0
928,2021-06-08 16:00:00,82000.0
929,2021-06-08 17:00:00,82000.0
930,2021-06-08 18:00:00,82000.0
931,2021-06-08 19:00:00,82000.0
932,2021-06-08 20:00:00,82000.0
933,2021-06-08 21:00:00,82000.0
934,2021-06-08 22:00:00,82000.0
935,2021-06-08 23:00:00,82000.0
936,2021-06-09 00:00:00,82000.0
937,2021-06-09 01:00:00,82000.0
938,2021-06-09 02:00:00,82000.0
939,2021-06-09 03:00:00,82000.0
940,2021-06-09 04:00:00,82000.0
941,2021-06-09 05:00:00,82000.0
942,2021-06-09 06:00:00,82000.0
943,2021-06-09 07:00:00,82000.0
944,2021-06-09 08:00:00,82000.0
945,2021-06-09 09:00:00,82000.0
946,2021-06-09 10:00:00,81500.0
947,2021-06-09 11:00:00,82000.0
948,2021-06-09 12:00:00,81700.0
949,2021-06-09 13:00:00,81700.0
950,2021-06-09 14:00:00,81400.0
951,2021-06-09 15:00:00,81200.0
952,2021-06-09 16:00:00,81200.0
953,2021-06-09 17:00:00,81200.0
954,2021-06-09 18:00:00,81200.0
955,2021-06-09 19:00:00,81200.0
956,2021-06-09 20:00:00,81200.0
957,2021-06-09 21:00:00,81200.0
958,2021-06-09 22:00:00,81200.0
959,2021-06-09 23:00:00,81200.0
960,2021-06-10 00:00:00,81200.0
961,2021-06-10 01:00:00,81200.0
962,2021-06-10 02:00:00,81200.0
963,2021-06-10 03:00:00,81200.0
964,2021-06-10 04:00:00,81200.0
965,2021-06-10 05:00:00,81200.0
966,2021-06-10 06:00:00,81200.0
967,2021-06-10 07:00:00,81200.0
968,2021-06-10 08:00:00,81200.0
969,2021-06-10 09:00:00,81200.0
970,2021-06-10 10:00:00,81100.0
971,2021-06-10 11:00:00,81100.0
972,2021-06-10 12:00:00,81200.0
973,2021-06-10 13:00:00,81100.0
974,2021-06-10 14:00:00,81100.0
975,2021-06-10 15:00:00,81100.0
976,2021-06-10 16:00:00,81100.0
977,2021-06-10 17:00:00,81100.0
978,2021-06-10 18:00:00,81100.0
979,2021-06-10 19:00:00,81100.0
980,2021-06-10 20:00:00,81100.0
981,2021-06-10 21:00:00,81100.0
982,2021-06-10 22:00:00,81100.0
983,2021-06-10 23:00:00,81100.0
984,2021-06-11 00:00:00,81100.0
985,2021-06-11 01:00:00,81100.0
986,2021-06-11 02:00:00,81100.0
987,2021-06-11 03:00:00,81100.0
988,2021-06-11 04:00:00,81100.0
989,2021-06-11 05:00:00,81100.0
990,2021-06-11 06:00:00,81100.0
991,2021-06-11 07:00:00,81100.0
992,2021-06-11 08:00:00,81100.0
993,2021-06-11 09:00:00,81100.0
994,2021-06-11 10:00:00,81100.0
995,2021-06-11 11:00:00,80800.0
996,2021-06-11 12:00:00,80800.0
997,2021-06-11 13:00:00,80900.0
998,2021-06-11 14:00:00,81000.0
999,2021-06-11 15:00:00,81000.0
1000,2021-06-11 16:00:00,81000.0
1001,2021-06-11 17:00:00,81000.0
1002,2021-06-11 18:00:00,81000.0
1003,2021-06-11 19:00:00,81000.0
1004,2021-06-11 20:00:00,81000.0
1005,2021-06-11 21:00:00,81000.0
1006,2021-06-11 22:00:00,81000.0
1007,2021-06-11 23:00:00,81000.0
1008,2021-06-12 00:00:00,81000.0
1009,2021-06-12 01:00:00,81000.0
1010,2021-06-12 02:00:00,81000.0
1011,2021-06-12 03:00:00,81000.0
1012,2021-06-12 04:00:00,81000.0
1013,2021-06-12 05:00:00,81000.0
1014,2021-06-12 06:00:00,81000.0
1015,2021-06-12 07:00:00,81000.0
1016,2021-06-12 08:00:00,81000.0
1017,2021-06-12 09:00:00,81000.0
1018,2021-06-12 10:00:00,81000.0
1019,2021-06-12 11:00:00,81000.0
1020,2021-06-12 12:00:00,81000.0
1021,2021-06-12 13:00:00,81000.0
1022,2021-06-12 14:00:00,81000.0
1023,2021-06-12 15:00:00,81000.0
1024,2021-06-12 16:00:00,81000.0
1025,2021-06-12 17:00:00,81000.0
1026,2021-06-12 18:00:00,81000.0
1027,2021-06-12 19:00:00,81000.0
1028,2021-06-12 20:00:00,81000.0
1029,2021-06-12 21:00:00,81000.0
1030,2021-06-12 22:00:00,81000.0
1031,2021-06-12 23:00:00,81000.0
1032,2021-06-13 00:00:00,81000.0
1033,2021-06-13 01:00:00,81000.0
1034,2021-06-13 02:00:00,81000.0
1035,2021-06-13 03:00:00,81000.0
1036,2021-06-13 04:00:00,81000.0
1037,2021-06-13 05:00:00,81000.0
1038,2021-06-13 06:00:00,81000.0
1039,2021-06-13 07:00:00,81000.0
1040,2021-06-13 08:00:00,81000.0
1041,2021-06-13 09:00:00,81000.0
1042,2021-06-13 10:00:00,81000.0
1043,2021-06-13 11:00:00,81000.0
1044,2021-06-13 12:00:00,81000.0
1045,2021-06-13 13:00:00,81000.0
1046,2021-06-13 14:00:00,81000.0
1047,2021-06-13 15:00:00,81000.0
1048,2021-06-13 16:00:00,81000.0
1049,2021-06-13 17:00:00,81000.0
1050,2021-06-13 18:00:00,81000.0
1051,2021-06-13 19:00:00,81000.0
1052,2021-06-13 20:00:00,81000.0
1053,2021-06-13 21:00:00,81000.0
1054,2021-06-13 22:00:00,81000.0
1055,2021-06-13 23:00:00,81000.0
1056,2021-06-14 00:00:00,81000.0
1057,2021-06-14 01:00:00,81000.0
1058,2021-06-14 02:00:00,81000.0
1059,2021-06-14 03:00:00,81000.0
1060,2021-06-14 04:00:00,81000.0
1061,2021-06-14 05:00:00,81000.0
1062,2021-06-14 06:00:00,81000.0
1063,2021-06-14 07:00:00,81000.0
1064,2021-06-14 08:00:00,81000.0
1065,2021-06-14 09:00:00,81000.0
1066,2021-06-14 10:00:00,80700.0
1067,2021-06-14 11:00:00,80600.0
1068,2021-06-14 12:00:00,80700.0
1069,2021-06-14 13:00:00,80600.0
1070,2021-06-14 14:00:00,80700.0
1071,2021-06-14 15:00:00,80600.0
1072,2021-06-14 16:00:00,80600.0
1073,2021-06-14 17:00:00,80600.0
1074,2021-06-14 18:00:00,80600.0
1075,2021-06-14 19:00:00,80600.0
1076,2021-06-14 20:00:00,80600.0
1077,2021-06-14 21:00:00,80600.0
1078,2021-06-14 22:00:00,80600.0
1079,2021-06-14 23:00:00,80600.0
1080,2021-06-15 00:00:00,80600.0
1081,2021-06-15 01:00:00,80600.0
1082,2021-06-15 02:00:00,80600.0
1083,2021-06-15 03:00:00,80600.0
1084,2021-06-15 04:00:00,80600.0
1085,2021-06-15 05:00:00,80600.0
1086,2021-06-15 06:00:00,80600.0
1087,2021-06-15 07:00:00,80600.0
1088,2021-06-15 08:00:00,80600.0
1089,2021-06-15 09:00:00,80600.0
1090,2021-06-15 10:00:00,80800.0
1091,2021-06-15 11:00:00,80700.0
1092,2021-06-15 12:00:00,80700.0
1093,2021-06-15 13:00:00,80600.0
1094,2021-06-15 14:00:00,80800.0
1095,2021-06-15 15:00:00,80700.0
1096,2021-06-15 16:00:00,80700.0
1097,2021-06-15 17:00:00,80700.0
1098,2021-06-15 18:00:00,80700.0
1099,2021-06-15 19:00:00,80700.0
1100,2021-06-15 20:00:00,80700.0
1101,2021-06-15 21:00:00,80700.0
1102,2021-06-15 22:00:00,80700.0
1103,2021-06-15 23:00:00,80700.0
1104,2021-06-16 00:00:00,80700.0
1105,2021-06-16 01:00:00,80700.0
1106,2021-06-16 02:00:00,80700.0
1107,2021-06-16 03:00:00,80700.0
1108,2021-06-16 04:00:00,80700.0
1109,2021-06-16 05:00:00,80700.0
1110,2021-06-16 06:00:00,80700.0
1111,2021-06-16 07:00:00,80700.0
1112,2021-06-16 08:00:00,80700.0
1113,2021-06-16 09:00:00,80700.0
1114,2021-06-16 10:00:00,81400.0
1115,2021-06-16 11:00:00,81500.0
1116,2021-06-16 12:00:00,81700.0
1117,2021-06-16 13:00:00,81600.0
1118,2021-06-16 14:00:00,81700.0
1119,2021-06-16 15:00:00,81500.0
1120,2021-06-16 16:00:00,81500.0
1121,2021-06-16 17:00:00,81500.0
1122,2021-06-16 18:00:00,81500.0
1123,2021-06-16 19:00:00,81500.0
1124,2021-06-16 20:00:00,81500.0
1125,2021-06-16 21:00:00,81500.0
1126,2021-06-16 22:00:00,81500.0
1127,2021-06-16 23:00:00,81500.0
1128,2021-06-17 00:00:00,81500.0
1129,2021-06-17 01:00:00,81500.0
1130,2021-06-17 02:00:00,81500.0
1131,2021-06-17 03:00:00,81500.0
1132,2021-06-17 04:00:00,81500.0
1133,2021-06-17 05:00:00,81500.0
1134,2021-06-17 06:00:00,81500.0
1135,2021-06-17 07:00:00,81500.0
1136,2021-06-17 08:00:00,81500.0
1137,2021-06-17 09:00:00,81500.0
1138,2021-06-17 10:00:00,80900.0
1139,2021-06-17 11:00:00,80800.0
1140,2021-06-17 12:00:00,80800.0
1141,2021-06-17 13:00:00,80800.0
1142,2021-06-17 14:00:00,80900.0
1143,2021-06-17 15:00:00,80800.0
1144,2021-06-17 16:00:00,80800.0
1145,2021-06-17 17:00:00,80800.0
1146,2021-06-17 18:00:00,80800.0
1147,2021-06-17 19:00:00,80800.0
1148,2021-06-17 20:00:00,80800.0
1149,2021-06-17 21:00:00,80800.0
1150,2021-06-17 22:00:00,80800.0
1151,2021-06-17 23:00:00,80800.0
1152,2021-06-18 00:00:00,80800.0
1153,2021-06-18 01:00:00,80800.0
1154,2021-06-18 02:00:00,80800.0
1155,2021-06-18 03:00:00,80800.0
1156,2021-06-18 04:00:00,80800.0
1157,2021-06-18 05:00:00,80800.0
1158,2021-06-18 06:00:00,80800.0
1159,2021-06-18 07:00:00,80800.0
1160,2021-06-18 08:00:00,80800.0
1161,2021-06-18 09:00:00,80800.0
1162,2021-06-18 10:00:00,80700.0
1163,2021-06-18 11:00:00,80700.0
1164,2021-06-18 12:00:00,80500.0
1165,2021-06-18 13:00:00,80600.0
1166,2021-06-18 14:00:00,80600.0
1167,2021-06-18 15:00:00,80600.0
1168,2021-06-18 16:00:00,80600.0
1169,2021-06-18 17:00:00,80600.0
1170,2021-06-18 18:00:00,80600.0
1171,2021-06-18 19:00:00,80600.0
1172,2021-06-18 20:00:00,80600.0
1173,2021-06-18 21:00:00,80600.0
1174,2021-06-18 22:00:00,80600.0
1175,2021-06-18 23:00:00,80600.0
1176,2021-06-19 00:00:00,80600.0
1177,2021-06-19 01:00:00,80600.0
1178,2021-06-19 02:00:00,80600.0
1179,2021-06-19 03:00:00,80600.0
1180,2021-06-19 04:00:00,80600.0
1181,2021-06-19 05:00:00,80600.0
1182,2021-06-19 06:00:00,80600.0
1183,2021-06-19 07:00:00,80600.0
1184,2021-06-19 08:00:00,80600.0
1185,2021-06-19 09:00:00,80600.0
1186,2021-06-19 10:00:00,80600.0
1187,2021-06-19 11:00:00,80600.0
1188,2021-06-19 12:00:00,80600.0
1189,2021-06-19 13:00:00,80600.0
1190,2021-06-19 14:00:00,80600.0
1191,2021-06-19 15:00:00,80600.0
1192,2021-06-19 16:00:00,80600.0
1193,2021-06-19 17:00:00,80600.0
1194,2021-06-19 18:00:00,80600.0
1195,2021-06-19 19:00:00,80600.0
1196,2021-06-19 20:00:00,80600.0
1197,2021-06-19 21:00:00,80600.0
1198,2021-06-19 22:00:00,80600.0
1199,2021-06-19 23:00:00,80600.0
1200,2021-06-20 00:00:00,80600.0
1201,2021-06-20 01:00:00,80600.0
1202,2021-06-20 02:00:00,80600.0
1203,2021-06-20 03:00:00,80600.0
1204,2021-06-20 04:00:00,80600.0
1205,2021-06-20 05:00:00,80600.0
1206,2021-06-20 06:00:00,80600.0
1207,2021-06-20 07:00:00,80600.0
1208,2021-06-20 08:00:00,80600.0
1209,2021-06-20 09:00:00,80600.0
1210,2021-06-20 10:00:00,80600.0
1211,2021-06-20 11:00:00,80600.0
1212,2021-06-20 12:00:00,80600.0
1213,2021-06-20 13:00:00,80600.0
1214,2021-06-20 14:00:00,80600.0
1215,2021-06-20 15:00:00,80600.0
1216,2021-06-20 16:00:00,80600.0
1217,2021-06-20 17:00:00,80600.0
1218,2021-06-20 18:00:00,80600.0
1219,2021-06-20 19:00:00,80600.0
1220,2021-06-20 20:00:00,80600.0
1221,2021-06-20 21:00:00,80600.0
1222,2021-06-20 22:00:00,80600.0
1223,2021-06-20 23:00:00,80600.0
1224,2021-06-21 00:00:00,80600.0
1225,2021-06-21 01:00:00,80600.0
1226,2021-06-21 02:00:00,80600.0
1227,2021-06-21 03:00:00,80600.0
1228,2021-06-21 04:00:00,80600.0
1229,2021-06-21 05:00:00,80600.0
1230,2021-06-21 06:00:00,80600.0
1231,2021-06-21 07:00:00,80600.0
1232,2021-06-21 08:00:00,80600.0
1233,2021-06-21 09:00:00,80600.0
1234,2021-06-21 10:00:00,80000.0
1235,2021-06-21 11:00:00,79800.0
1236,2021-06-21 12:00:00,79800.0
1237,2021-06-21 13:00:00,79800.0
1238,2021-06-21 14:00:00,79700.0
1239,2021-06-21 15:00:00,79800.0
1240,2021-06-21 16:00:00,79800.0
1241,2021-06-21 17:00:00,79800.0
1242,2021-06-21 18:00:00,79800.0
1243,2021-06-21 19:00:00,79800.0
1244,2021-06-21 20:00:00,79800.0
1245,2021-06-21 21:00:00,79800.0
1246,2021-06-21 22:00:00,79800.0
1247,2021-06-21 23:00:00,79800.0
1248,2021-06-22 00:00:00,79800.0
1249,2021-06-22 01:00:00,79800.0
1250,2021-06-22 02:00:00,79800.0
1251,2021-06-22 03:00:00,79800.0
1252,2021-06-22 04:00:00,79800.0
1253,2021-06-22 05:00:00,79800.0
1254,2021-06-22 06:00:00,79800.0
1255,2021-06-22 07:00:00,79800.0
1256,2021-06-22 08:00:00,79800.0
1257,2021-06-22 09:00:00,79800.0
1258,2021-06-22 10:00:00,80100.0
1259,2021-06-22 11:00:00,80000.0
1260,2021-06-22 12:00:00,80100.0
1261,2021-06-22 13:00:00,80100.0
1262,2021-06-22 14:00:00,80000.0
1263,2021-06-22 15:00:00,80000.0
1264,2021-06-22 16:00:00,80000.0
1265,2021-06-22 17:00:00,80000.0
1266,2021-06-22 18:00:00,80000.0
1267,2021-06-22 19:00:00,80000.0
1268,2021-06-22 20:00:00,80000.0
1269,2021-06-22 21:00:00,80000.0
1270,2021-06-22 22:00:00,80000.0
1271,2021-06-22 23:00:00,80000.0
1272,2021-06-23 00:00:00,80000.0
1273,2021-06-23 01:00:00,80000.0
1274,2021-06-23 02:00:00,80000.0
1275,2021-06-23 03:00:00,80000.0
1276,2021-06-23 04:00:00,80000.0
1277,2021-06-23 05:00:00,80000.0
1278,2021-06-23 06:00:00,80000.0
1279,2021-06-23 07:00:00,80000.0
1280,2021-06-23 08:00:00,80000.0
1281,2021-06-23 09:00:00,80000.0
1282,2021-06-23 10:00:00,80100.0
1283,2021-06-23 11:00:00,80200.0
1284,2021-06-23 12:00:00,80100.0
1285,2021-06-23 13:00:00,80100.0
1286,2021-06-23 14:00:00,79900.0
1287,2021-06-23 15:00:00,79900.0
1288,2021-06-23 16:00:00,79900.0
1289,2021-06-23 17:00:00,79900.0
1290,2021-06-23 18:00:00,79900.0
1291,2021-06-23 19:00:00,79900.0
1292,2021-06-23 20:00:00,79900.0
1293,2021-06-23 21:00:00,79900.0
1294,2021-06-23 22:00:00,79900.0
1295,2021-06-23 23:00:00,79900.0
1296,2021-06-24 00:00:00,79900.0
1297,2021-06-24 01:00:00,79900.0
1298,2021-06-24 02:00:00,79900.0
1299,2021-06-24 03:00:00,79900.0
1300,2021-06-24 04:00:00,79900.0
1301,2021-06-24 05:00:00,79900.0
1302,2021-06-24 06:00:00,79900.0
1303,2021-06-24 07:00:00,79900.0
1304,2021-06-24 08:00:00,79900.0
1305,2021-06-24 09:00:00,79900.0
1306,2021-06-24 10:00:00,80200.0
1307,2021-06-24 11:00:00,81300.0
1308,2021-06-24 12:00:00,80800.0
1309,2021-06-24 13:00:00,80700.0
1310,2021-06-24 14:00:00,81000.0
1311,2021-06-24 15:00:00,81000.0
1312,2021-06-24 16:00:00,81000.0
1313,2021-06-24 17:00:00,81000.0
1314,2021-06-24 18:00:00,81000.0
1315,2021-06-24 19:00:00,81000.0
1316,2021-06-24 20:00:00,81000.0
1317,2021-06-24 21:00:00,81000.0
1318,2021-06-24 22:00:00,81000.0
1319,2021-06-24 23:00:00,81000.0
1320,2021-06-25 00:00:00,81000.0
1321,2021-06-25 01:00:00,81000.0
1322,2021-06-25 02:00:00,81000.0
1323,2021-06-25 03:00:00,81000.0
1324,2021-06-25 04:00:00,81000.0
1325,2021-06-25 05:00:00,81000.0
1326,2021-06-25 06:00:00,81000.0
1327,2021-06-25 07:00:00,81000.0
1328,2021-06-25 08:00:00,81000.0
1329,2021-06-25 09:00:00,81000.0
1330,2021-06-25 10:00:00,81700.0
1331,2021-06-25 11:00:00,81600.0
1332,2021-06-25 12:00:00,81500.0
1333,2021-06-25 13:00:00,81500.0
1334,2021-06-25 14:00:00,81300.0
1335,2021-06-25 15:00:00,81500.0
1336,2021-06-25 16:00:00,81500.0
1337,2021-06-25 17:00:00,81500.0
1338,2021-06-25 18:00:00,81500.0
1339,2021-06-25 19:00:00,81500.0
1340,2021-06-25 20:00:00,81500.0
1341,2021-06-25 21:00:00,81500.0
1342,2021-06-25 22:00:00,81500.0
1343,2021-06-25 23:00:00,81500.0
1344,2021-06-26 00:00:00,81500.0
1345,2021-06-26 01:00:00,81500.0
1346,2021-06-26 02:00:00,81500.0
1347,2021-06-26 03:00:00,81500.0
1348,2021-06-26 04:00:00,81500.0
1349,2021-06-26 05:00:00,81500.0
1350,2021-06-26 06:00:00,81500.0
1351,2021-06-26 07:00:00,81500.0
1352,2021-06-26 08:00:00,81500.0
1353,2021-06-26 09:00:00,81500.0
1354,2021-06-26 10:00:00,81500.0
1355,2021-06-26 11:00:00,81500.0
1356,2021-06-26 12:00:00,81500.0
1357,2021-06-26 13:00:00,81500.0
1358,2021-06-26 14:00:00,81500.0
1359,2021-06-26 15:00:00,81500.0
1360,2021-06-26 16:00:00,81500.0
1361,2021-06-26 17:00:00,81500.0
1362,2021-06-26 18:00:00,81500.0
1363,2021-06-26 19:00:00,81500.0
1364,2021-06-26 20:00:00,81500.0
1365,2021-06-26 21:00:00,81500.0
1366,2021-06-26 22:00:00,81500.0
1367,2021-06-26 23:00:00,81500.0
1368,2021-06-27 00:00:00,81500.0
1369,2021-06-27 01:00:00,81500.0
1370,2021-06-27 02:00:00,81500.0
1371,2021-06-27 03:00:00,81500.0
1372,2021-06-27 04:00:00,81500.0
1373,2021-06-27 05:00:00,81500.0
1374,2021-06-27 06:00:00,81500.0
1375,2021-06-27 07:00:00,81500.0
1376,2021-06-27 08:00:00,81500.0
1377,2021-06-27 09:00:00,81500.0
1378,2021-06-27 10:00:00,81500.0
1379,2021-06-27 11:00:00,81500.0
1380,2021-06-27 12:00:00,81500.0
1381,2021-06-27 13:00:00,81500.0
1382,2021-06-27 14:00:00,81500.0
1383,2021-06-27 15:00:00,81500.0
1384,2021-06-27 16:00:00,81500.0
1385,2021-06-27 17:00:00,81500.0
1386,2021-06-27 18:00:00,81500.0
1387,2021-06-27 19:00:00,81500.0
1388,2021-06-27 20:00:00,81500.0
1389,2021-06-27 21:00:00,81500.0
1390,2021-06-27 22:00:00,81500.0
1391,2021-06-27 23:00:00,81500.0
1392,2021-06-28 00:00:00,81500.0
1393,2021-06-28 01:00:00,81500.0
1394,2021-06-28 02:00:00,81500.0
1395,2021-06-28 03:00:00,81500.0
1396,2021-06-28 04:00:00,81500.0
1397,2021-06-28 05:00:00,81500.0
1398,2021-06-28 06:00:00,81500.0
1399,2021-06-28 07:00:00,81500.0
1400,2021-06-28 08:00:00,81500.0
1401,2021-06-28 09:00:00,81500.0
1402,2021-06-28 10:00:00,81700.0
1403,2021-06-28 11:00:00,81700.0
1404,2021-06-28 12:00:00,81700.0
1405,2021-06-28 13:00:00,81800.0
1406,2021-06-28 14:00:00,81700.0
1407,2021-06-28 15:00:00,81700.0
1408,2021-06-28 16:00:00,81700.0
1409,2021-06-28 17:00:00,81700.0
1410,2021-06-28 18:00:00,81700.0
1411,2021-06-28 19:00:00,81700.0
1412,2021-06-28 20:00:00,81700.0
1413,2021-06-28 21:00:00,81700.0
1414,2021-06-28 22:00:00,81700.0
1415,2021-06-28 23:00:00,81700.0
1416,2021-06-29 00:00:00,81700.0
1417,2021-06-29 01:00:00,81700.0
1418,2021-06-29 02:00:00,81700.0
1419,2021-06-29 03:00:00,81700.0
1420,2021-06-29 04:00:00,81700.0
1421,2021-06-29 05:00:00,81700.0
1422,2021-06-29 06:00:00,81700.0
1423,2021-06-29 07:00:00,81700.0
1424,2021-06-29 08:00:00,81700.0
1425,2021-06-29 09:00:00,81700.0
1426,2021-06-29 10:00:00,81300.0
1427,2021-06-29 11:00:00,81100.0
1428,2021-06-29 12:00:00,81000.0
1429,2021-06-29 13:00:00,81000.0
1430,2021-06-29 14:00:00,80900.0
1431,2021-06-29 15:00:00,80900.0
1432,2021-06-29 16:00:00,80900.0
1433,2021-06-29 17:00:00,80900.0
1434,2021-06-29 18:00:00,80900.0
1435,2021-06-29 19:00:00,80900.0
1436,2021-06-29 20:00:00,80900.0
1437,2021-06-29 21:00:00,80900.0
1438,2021-06-29 22:00:00,80900.0
1439,2021-06-29 23:00:00,80900.0
1440,2021-06-30 00:00:00,80900.0
1441,2021-06-30 01:00:00,80900.0
1442,2021-06-30 02:00:00,80900.0
1443,2021-06-30 03:00:00,80900.0
1444,2021-06-30 04:00:00,80900.0
1445,2021-06-30 05:00:00,80900.0
1446,2021-06-30 06:00:00,80900.0
1447,2021-06-30 07:00:00,80900.0
1448,2021-06-30 08:00:00,80900.0
1449,2021-06-30 09:00:00,80900.0
1450,2021-06-30 10:00:00,80900.0
1451,2021-06-30 11:00:00,81000.0
1452,2021-06-30 12:00:00,81000.0
1453,2021-06-30 13:00:00,80900.0
1454,2021-06-30 14:00:00,81100.0
1455,2021-06-30 15:00:00,81000.0
1456,2021-06-30 16:00:00,81000.0
1457,2021-06-30 17:00:00,81000.0
1458,2021-06-30 18:00:00,81000.0
1459,2021-06-30 19:00:00,81000.0
1460,2021-06-30 20:00:00,81000.0
1461,2021-06-30 21:00:00,81000.0
1462,2021-06-30 22:00:00,81000.0
1463,2021-06-30 23:00:00,81000.0
1464,2021-07-01 00:00:00,81000.0
1465,2021-07-01 01:00:00,81000.0
1466,2021-07-01 02:00:00,81000.0
1467,2021-07-01 03:00:00,81000.0
1468,2021-07-01 04:00:00,81000.0
1469,2021-07-01 05:00:00,81000.0
1470,2021-07-01 06:00:00,81000.0
1471,2021-07-01 07:00:00,81000.0
1472,2021-07-01 08:00:00,81000.0
1473,2021-07-01 09:00:00,81000.0
1474,2021-07-01 10:00:00,80200.0
1475,2021-07-01 11:00:00,80200.0
1476,2021-07-01 12:00:00,80300.0
1477,2021-07-01 13:00:00,80200.0
1478,2021-07-01 14:00:00,80200.0
1479,2021-07-01 15:00:00,80200.0
1480,2021-07-01 16:00:00,80200.0
1481,2021-07-01 17:00:00,80200.0
1482,2021-07-01 18:00:00,80200.0
1483,2021-07-01 19:00:00,80200.0
1484,2021-07-01 20:00:00,80200.0
1485,2021-07-01 21:00:00,80200.0
1486,2021-07-01 22:00:00,80200.0
1487,2021-07-01 23:00:00,80200.0
1488,2021-07-02 00:00:00,80200.0
1489,2021-07-02 01:00:00,80200.0
1490,2021-07-02 02:00:00,80200.0
1491,2021-07-02 03:00:00,80200.0
1492,2021-07-02 04:00:00,80200.0
1493,2021-07-02 05:00:00,80200.0
1494,2021-07-02 06:00:00,80200.0
1495,2021-07-02 07:00:00,80200.0
1496,2021-07-02 08:00:00,80200.0
1497,2021-07-02 09:00:00,80200.0
1498,2021-07-02 10:00:00,80300.0
1499,2021-07-02 11:00:00,80100.0
1500,2021-07-02 12:00:00,80200.0
1501,2021-07-02 13:00:00,80200.0
1502,2021-07-02 14:00:00,80100.0
1503,2021-07-02 15:00:00,80100.0
1504,2021-07-02 16:00:00,80100.0
1505,2021-07-02 17:00:00,80100.0
1506,2021-07-02 18:00:00,80100.0
1507,2021-07-02 19:00:00,80100.0
1508,2021-07-02 20:00:00,80100.0
1509,2021-07-02 21:00:00,80100.0
1510,2021-07-02 22:00:00,80100.0
1511,2021-07-02 23:00:00,80100.0
1512,2021-07-03 00:00:00,80100.0
1513,2021-07-03 01:00:00,80100.0
1514,2021-07-03 02:00:00,80100.0
1515,2021-07-03 03:00:00,80100.0
1516,2021-07-03 04:00:00,80100.0
1517,2021-07-03 05:00:00,80100.0
1518,2021-07-03 06:00:00,80100.0
1519,2021-07-03 07:00:00,80100.0
1520,2021-07-03 08:00:00,80100.0
1521,2021-07-03 09:00:00,80100.0
1522,2021-07-03 10:00:00,80100.0
1523,2021-07-03 11:00:00,80100.0
1524,2021-07-03 12:00:00,80100.0
1525,2021-07-03 13:00:00,80100.0
1526,2021-07-03 14:00:00,80100.0
1527,2021-07-03 15:00:00,80100.0
1528,2021-07-03 16:00:00,80100.0
1529,2021-07-03 17:00:00,80100.0
1530,2021-07-03 18:00:00,80100.0
1531,2021-07-03 19:00:00,80100.0
1532,2021-07-03 20:00:00,80100.0
1533,2021-07-03 21:00:00,80100.0
1534,2021-07-03 22:00:00,80100.0
1535,2021-07-03 23:00:00,80100.0
1536,2021-07-04 00:00:00,80100.0
1537,2021-07-04 01:00:00,80100.0
1538,2021-07-04 02:00:00,80100.0
1539,2021-07-04 03:00:00,80100.0
1540,2021-07-04 04:00:00,80100.0
1541,2021-07-04 05:00:00,80100.0
1542,2021-07-04 06:00:00,80100.0
1543,2021-07-04 07:00:00,80100.0
1544,2021-07-04 08:00:00,80100.0
1545,2021-07-04 09:00:00,80100.0
1546,2021-07-04 10:00:00,80100.0
1547,2021-07-04 11:00:00,80100.0
1548,2021-07-04 12:00:00,80100.0
1549,2021-07-04 13:00:00,80100.0
1550,2021-07-04 14:00:00,80100.0
1551,2021-07-04 15:00:00,80100.0
1552,2021-07-04 16:00:00,80100.0
1553,2021-07-04 17:00:00,80100.0
1554,2021-07-04 18:00:00,80100.0
1555,2021-07-04 19:00:00,80100.0
1556,2021-07-04 20:00:00,80100.0
1557,2021-07-04 21:00:00,80100.0
1558,2021-07-04 22:00:00,80100.0
1559,2021-07-04 23:00:00,80100.0
1560,2021-07-05 00:00:00,80100.0
1561,2021-07-05 01:00:00,80100.0
1562,2021-07-05 02:00:00,80100.0
1563,2021-07-05 03:00:00,80100.0
1564,2021-07-05 04:00:00,80100.0
1565,2021-07-05 05:00:00,80100.0
1566,2021-07-05 06:00:00,80100.0
1567,2021-07-05 07:00:00,80100.0
1568,2021-07-05 08:00:00,80100.0
1569,2021-07-05 09:00:00,80100.0
1570,2021-07-05 10:00:00,80400.0
1571,2021-07-05 11:00:00,80600.0
1572,2021-07-05 12:00:00,80600.0
1573,2021-07-05 13:00:00,80600.0
1574,2021-07-05 14:00:00,80500.0
1575,2021-07-05 15:00:00,80300.0
1576,2021-07-05 16:00:00,80300.0
1577,2021-07-05 17:00:00,80300.0
1578,2021-07-05 18:00:00,80300.0
1579,2021-07-05 19:00:00,80300.0
1580,2021-07-05 20:00:00,80300.0
1581,2021-07-05 21:00:00,80300.0
1582,2021-07-05 22:00:00,80300.0
1583,2021-07-05 23:00:00,80300.0
1584,2021-07-06 00:00:00,80300.0
1585,2021-07-06 01:00:00,80300.0
1586,2021-07-06 02:00:00,80300.0
1587,2021-07-06 03:00:00,80300.0
1588,2021-07-06 04:00:00,80300.0
1589,2021-07-06 05:00:00,80300.0
1590,2021-07-06 06:00:00,80300.0
1591,2021-07-06 07:00:00,80300.0
1592,2021-07-06 08:00:00,80300.0
1593,2021-07-06 09:00:00,80300.0
1594,2021-07-06 10:00:00,81200.0
1595,2021-07-06 11:00:00,81100.0
1596,2021-07-06 12:00:00,80800.0
1597,2021-07-06 13:00:00,80800.0
1598,2021-07-06 14:00:00,80900.0
1599,2021-07-06 15:00:00,81000.0
1600,2021-07-06 16:00:00,81000.0
1601,2021-07-06 17:00:00,81000.0
1602,2021-07-06 18:00:00,81000.0
1603,2021-07-06 19:00:00,81000.0
1604,2021-07-06 20:00:00,81000.0
1605,2021-07-06 21:00:00,81000.0
1606,2021-07-06 22:00:00,81000.0
1607,2021-07-06 23:00:00,81000.0
1608,2021-07-07 00:00:00,81000.0
1609,2021-07-07 01:00:00,81000.0
1610,2021-07-07 02:00:00,81000.0
1611,2021-07-07 03:00:00,81000.0
1612,2021-07-07 04:00:00,81000.0
1613,2021-07-07 05:00:00,81000.0
1614,2021-07-07 06:00:00,81000.0
1615,2021-07-07 07:00:00,81000.0
1616,2021-07-07 08:00:00,81000.0
1617,2021-07-07 09:00:00,81000.0
1618,2021-07-07 10:00:00,80600.0
1619,2021-07-07 11:00:00,80600.0
1620,2021-07-07 12:00:00,80600.0
1621,2021-07-07 13:00:00,80600.0
1622,2021-07-07 14:00:00,80400.0
1623,2021-07-07 15:00:00,80600.0
1624,2021-07-07 16:00:00,80600.0
1625,2021-07-07 17:00:00,80600.0
1626,2021-07-07 18:00:00,80600.0
1627,2021-07-07 19:00:00,80600.0
1628,2021-07-07 20:00:00,80600.0
1629,2021-07-07 21:00:00,80600.0
1630,2021-07-07 22:00:00,80600.0
1631,2021-07-07 23:00:00,80600.0
1632,2021-07-08 00:00:00,80600.0
1633,2021-07-08 01:00:00,80600.0
1634,2021-07-08 02:00:00,80600.0
1635,2021-07-08 03:00:00,80600.0
1636,2021-07-08 04:00:00,80600.0
1637,2021-07-08 05:00:00,80600.0
1638,2021-07-08 06:00:00,80600.0
1639,2021-07-08 07:00:00,80600.0
1640,2021-07-08 08:00:00,80600.0
1641,2021-07-08 09:00:00,80600.0
1642,2021-07-08 10:00:00,80600.0
1643,2021-07-08 11:00:00,80600.0
1644,2021-07-08 12:00:00,80500.0
1645,2021-07-08 13:00:00,80300.0
1646,2021-07-08 14:00:00,80200.0
1647,2021-07-08 15:00:00,80200.0
1648,2021-07-08 16:00:00,80200.0
1649,2021-07-08 17:00:00,80200.0
1650,2021-07-08 18:00:00,80200.0
1651,2021-07-08 19:00:00,80200.0
1652,2021-07-08 20:00:00,80200.0
1653,2021-07-08 21:00:00,80200.0
1654,2021-07-08 22:00:00,80200.0
1655,2021-07-08 23:00:00,80200.0
1656,2021-07-09 00:00:00,80200.0
1657,2021-07-09 01:00:00,80200.0
1658,2021-07-09 02:00:00,80200.0
1659,2021-07-09 03:00:00,80200.0
1660,2021-07-09 04:00:00,80200.0
1661,2021-07-09 05:00:00,80200.0
1662,2021-07-09 06:00:00,80200.0
1663,2021-07-09 07:00:00,80200.0
1664,2021-07-09 08:00:00,80200.0
1665,2021-07-09 09:00:00,80200.0
1666,2021-07-09 10:00:00,79200.0
1667,2021-07-09 11:00:00,79200.0
1668,2021-07-09 12:00:00,79100.0
1669,2021-07-09 13:00:00,79200.0
1670,2021-07-09 14:00:00,79200.0
1671,2021-07-09 15:00:00,79400.0
1672,2021-07-09 16:00:00,79400.0
1673,2021-07-09 17:00:00,79400.0
1674,2021-07-09 18:00:00,79400.0
1675,2021-07-09 19:00:00,79400.0
1676,2021-07-09 20:00:00,79400.0
1677,2021-07-09 21:00:00,79400.0
1678,2021-07-09 22:00:00,79400.0
1679,2021-07-09 23:00:00,79400.0
1680,2021-07-10 00:00:00,79400.0
1681,2021-07-10 01:00:00,79400.0
1682,2021-07-10 02:00:00,79400.0
1683,2021-07-10 03:00:00,79400.0
1684,2021-07-10 04:00:00,79400.0
1685,2021-07-10 05:00:00,79400.0
1686,2021-07-10 06:00:00,79400.0
1687,2021-07-10 07:00:00,79400.0
1688,2021-07-10 08:00:00,79400.0
1689,2021-07-10 09:00:00,79400.0
1690,2021-07-10 10:00:00,79400.0
1691,2021-07-10 11:00:00,79400.0
1692,2021-07-10 12:00:00,79400.0
1693,2021-07-10 13:00:00,79400.0
1694,2021-07-10 14:00:00,79400.0
1695,2021-07-10 15:00:00,79400.0
1696,2021-07-10 16:00:00,79400.0
1697,2021-07-10 17:00:00,79400.0
1698,2021-07-10 18:00:00,79400.0
1699,2021-07-10 19:00:00,79400.0
1700,2021-07-10 20:00:00,79400.0
1701,2021-07-10 21:00:00,79400.0
1702,2021-07-10 22:00:00,79400.0
1703,2021-07-10 23:00:00,79400.0
1704,2021-07-11 00:00:00,79400.0
1705,2021-07-11 01:00:00,79400.0
1706,2021-07-11 02:00:00,79400.0
1707,2021-07-11 03:00:00,79400.0
1708,2021-07-11 04:00:00,79400.0
1709,2021-07-11 05:00:00,79400.0
1710,2021-07-11 06:00:00,79400.0
1711,2021-07-11 07:00:00,79400.0
1712,2021-07-11 08:00:00,79400.0
1713,2021-07-11 09:00:00,79400.0
1714,2021-07-11 10:00:00,79400.0
1715,2021-07-11 11:00:00,79400.0
1716,2021-07-11 12:00:00,79400.0
1717,2021-07-11 13:00:00,79400.0
1718,2021-07-11 14:00:00,79400.0
1719,2021-07-11 15:00:00,79400.0
1720,2021-07-11 16:00:00,79400.0
1721,2021-07-11 17:00:00,79400.0
1722,2021-07-11 18:00:00,79400.0
1723,2021-07-11 19:00:00,79400.0
1724,2021-07-11 20:00:00,79400.0
1725,2021-07-11 21:00:00,79400.0
1726,2021-07-11 22:00:00,79400.0
1727,2021-07-11 23:00:00,79400.0
1728,2021-07-12 00:00:00,79400.0
1729,2021-07-12 01:00:00,79400.0
1730,2021-07-12 02:00:00,79400.0
1731,2021-07-12 03:00:00,79400.0
1732,2021-07-12 04:00:00,79400.0
1733,2021-07-12 05:00:00,79400.0
1734,2021-07-12 06:00:00,79400.0
1735,2021-07-12 07:00:00,79400.0
1736,2021-07-12 08:00:00,79400.0
1737,2021-07-12 09:00:00,79400.0
1738,2021-07-12 10:00:00,80000.0
1739,2021-07-12 11:00:00,79700.0
1740,2021-07-12 12:00:00,79700.0
1741,2021-07-12 13:00:00,79800.0
1742,2021-07-12 14:00:00,79700.0
1743,2021-07-12 15:00:00,79600.0
1744,2021-07-12 16:00:00,79600.0
1745,2021-07-12 17:00:00,79600.0
1746,2021-07-12 18:00:00,79600.0
1747,2021-07-12 19:00:00,79600.0
1748,2021-07-12 20:00:00,79600.0
1749,2021-07-12 21:00:00,79600.0
1750,2021-07-12 22:00:00,79600.0
1751,2021-07-12 23:00:00,79600.0
1752,2021-07-13 00:00:00,79600.0
1753,2021-07-13 01:00:00,79600.0
1754,2021-07-13 02:00:00,79600.0
1755,2021-07-13 03:00:00,79600.0
1756,2021-07-13 04:00:00,79600.0
1757,2021-07-13 05:00:00,79600.0
1758,2021-07-13 06:00:00,79600.0
1759,2021-07-13 07:00:00,79600.0
1760,2021-07-13 08:00:00,79600.0
1761,2021-07-13 09:00:00,79600.0
1762,2021-07-13 10:00:00,80000.0
1763,2021-07-13 11:00:00,80100.0
1764,2021-07-13 12:00:00,80000.0
1765,2021-07-13 13:00:00,80000.0
1766,2021-07-13 14:00:00,80000.0
1767,2021-07-13 15:00:00,79900.0
1768,2021-07-13 16:00:00,79900.0
1769,2021-07-13 17:00:00,79900.0
1770,2021-07-13 18:00:00,79900.0
1771,2021-07-13 19:00:00,79900.0
1772,2021-07-13 20:00:00,79900.0
1773,2021-07-13 21:00:00,79900.0
1774,2021-07-13 22:00:00,79900.0
1775,2021-07-13 23:00:00,79900.0
1776,2021-07-14 00:00:00,79900.0
1777,2021-07-14 01:00:00,79900.0
1778,2021-07-14 02:00:00,79900.0
1779,2021-07-14 03:00:00,79900.0
1780,2021-07-14 04:00:00,79900.0
1781,2021-07-14 05:00:00,79900.0
1782,2021-07-14 06:00:00,79900.0
1783,2021-07-14 07:00:00,79900.0
1784,2021-07-14 08:00:00,79900.0
1785,2021-07-14 09:00:00,79900.0
1786,2021-07-14 10:00:00,79400.0
1787,2021-07-14 11:00:00,79400.0
1788,2021-07-14 12:00:00,79400.0
1789,2021-07-14 13:00:00,79400.0
1790,2021-07-14 14:00:00,79300.0
1791,2021-07-14 15:00:00,79400.0
1792,2021-07-14 16:00:00,79400.0
1793,2021-07-14 17:00:00,79400.0
1794,2021-07-14 18:00:00,79400.0
1795,2021-07-14 19:00:00,79400.0
1796,2021-07-14 20:00:00,79400.0
1797,2021-07-14 21:00:00,79400.0
1798,2021-07-14 22:00:00,79400.0
1799,2021-07-14 23:00:00,79400.0
1800,2021-07-15 00:00:00,79400.0
1801,2021-07-15 01:00:00,79400.0
1802,2021-07-15 02:00:00,79400.0
1803,2021-07-15 03:00:00,79400.0
1804,2021-07-15 04:00:00,79400.0
1805,2021-07-15 05:00:00,79400.0
1806,2021-07-15 06:00:00,79400.0
1807,2021-07-15 07:00:00,79400.0
1808,2021-07-15 08:00:00,79400.0
1809,2021-07-15 09:00:00,79400.0
1810,2021-07-15 10:00:00,79900.0
1811,2021-07-15 11:00:00,80000.0
1812,2021-07-15 12:00:00,79900.0
1813,2021-07-15 13:00:00,80100.0
1814,2021-07-15 14:00:00,80100.0
1815,2021-07-15 15:00:00,80400.0
1816,2021-07-15 16:00:00,80400.0
1817,2021-07-15 17:00:00,80400.0
1818,2021-07-15 18:00:00,80400.0
1819,2021-07-15 19:00:00,80400.0
1820,2021-07-15 20:00:00,80400.0
1821,2021-07-15 21:00:00,80400.0
1822,2021-07-15 22:00:00,80400.0
1823,2021-07-15 23:00:00,80400.0
1824,2021-07-16 00:00:00,80400.0
1825,2021-07-16 01:00:00,80400.0
1826,2021-07-16 02:00:00,80400.0
1827,2021-07-16 03:00:00,80400.0
1828,2021-07-16 04:00:00,80400.0
1829,2021-07-16 05:00:00,80400.0
1830,2021-07-16 06:00:00,80400.0
1831,2021-07-16 07:00:00,80400.0
1832,2021-07-16 08:00:00,80400.0
1833,2021-07-16 09:00:00,80400.0
1834,2021-07-16 10:00:00,79700.0
1835,2021-07-16 11:00:00,79700.0
1836,2021-07-16 12:00:00,79600.0
1837,2021-07-16 13:00:00,79700.0
1838,2021-07-16 14:00:00,79700.0
1839,2021-07-16 15:00:00,79800.0
1840,2021-07-16 16:00:00,79800.0
1841,2021-07-16 17:00:00,79800.0
1842,2021-07-16 18:00:00,79800.0
1843,2021-07-16 19:00:00,79800.0
1844,2021-07-16 20:00:00,79800.0
1845,2021-07-16 21:00:00,79800.0
1846,2021-07-16 22:00:00,79800.0
1847,2021-07-16 23:00:00,79800.0
1848,2021-07-17 00:00:00,79800.0
1849,2021-07-17 01:00:00,79800.0
1850,2021-07-17 02:00:00,79800.0
1851,2021-07-17 03:00:00,79800.0
1852,2021-07-17 04:00:00,79800.0
1853,2021-07-17 05:00:00,79800.0
1854,2021-07-17 06:00:00,79800.0
1855,2021-07-17 07:00:00,79800.0
1856,2021-07-17 08:00:00,79800.0
1857,2021-07-17 09:00:00,79800.0
1858,2021-07-17 10:00:00,79800.0
1859,2021-07-17 11:00:00,79800.0
1860,2021-07-17 12:00:00,79800.0
1861,2021-07-17 13:00:00,79800.0
1862,2021-07-17 14:00:00,79800.0
1863,2021-07-17 15:00:00,79800.0
1864,2021-07-17 16:00:00,79800.0
1865,2021-07-17 17:00:00,79800.0
1866,2021-07-17 18:00:00,79800.0
1867,2021-07-17 19:00:00,79800.0
1868,2021-07-17 20:00:00,79800.0
1869,2021-07-17 21:00:00,79800.0
1870,2021-07-17 22:00:00,79800.0
1871,2021-07-17 23:00:00,79800.0
1872,2021-07-18 00:00:00,79800.0
1873,2021-07-18 01:00:00,79800.0
1874,2021-07-18 02:00:00,79800.0
1875,2021-07-18 03:00:00,79800.0
1876,2021-07-18 04:00:00,79800.0
1877,2021-07-18 05:00:00,79800.0
1878,2021-07-18 06:00:00,79800.0
1879,2021-07-18 07:00:00,79800.0
1880,2021-07-18 08:00:00,79800.0
1881,2021-07-18 09:00:00,79800.0
1882,2021-07-18 10:00:00,79800.0
1883,2021-07-18 11:00:00,79800.0
1884,2021-07-18 12:00:00,79800.0
1885,2021-07-18 13:00:00,79800.0
1886,2021-07-18 14:00:00,79800.0
1887,2021-07-18 15:00:00,79800.0
1888,2021-07-18 16:00:00,79800.0
1889,2021-07-18 17:00:00,79800.0
1890,2021-07-18 18:00:00,79800.0
1891,2021-07-18 19:00:00,79800.0
1892,2021-07-18 20:00:00,79800.0
1893,2021-07-18 21:00:00,79800.0
1894,2021-07-18 22:00:00,79800.0
1895,2021-07-18 23:00:00,79800.0
1896,2021-07-19 00:00:00,79800.0
1897,2021-07-19 01:00:00,79800.0
1898,2021-07-19 02:00:00,79800.0
1899,2021-07-19 03:00:00,79800.0
1900,2021-07-19 04:00:00,79800.0
1901,2021-07-19 05:00:00,79800.0
1902,2021-07-19 06:00:00,79800.0
1903,2021-07-19 07:00:00,79800.0
1904,2021-07-19 08:00:00,79800.0
1905,2021-07-19 09:00:00,79800.0
1906,2021-07-19 10:00:00,79000.0
1907,2021-07-19 11:00:00,79000.0
1908,2021-07-19 12:00:00,78900.0
1909,2021-07-19 13:00:00,79000.0
1910,2021-07-19 14:00:00,79000.0
1911,2021-07-19 15:00:00,79000.0
1912,2021-07-19 16:00:00,79000.0
1913,2021-07-19 17:00:00,79000.0
1914,2021-07-19 18:00:00,79000.0
1915,2021-07-19 19:00:00,79000.0
1916,2021-07-19 20:00:00,79000.0
1917,2021-07-19 21:00:00,79000.0
1918,2021-07-19 22:00:00,79000.0
1919,2021-07-19 23:00:00,79000.0
1920,2021-07-20 00:00:00,79000.0
1921,2021-07-20 01:00:00,79000.0
1922,2021-07-20 02:00:00,79000.0
1923,2021-07-20 03:00:00,79000.0
1924,2021-07-20 04:00:00,79000.0
1925,2021-07-20 05:00:00,79000.0
1926,2021-07-20 06:00:00,79000.0
1927,2021-07-20 07:00:00,79000.0
1928,2021-07-20 08:00:00,79000.0
1929,2021-07-20 09:00:00,79000.0
1930,2021-07-20 10:00:00,78600.0
1931,2021-07-20 11:00:00,78700.0
1932,2021-07-20 12:00:00,78800.0
1933,2021-07-20 13:00:00,78600.0
1934,2021-07-20 14:00:00,78600.0
1935,2021-07-20 15:00:00,78700.0
1936,2021-07-20 16:00:00,78700.0
1937,2021-07-20 17:00:00,78700.0
1938,2021-07-20 18:00:00,78700.0
1939,2021-07-20 19:00:00,78700.0
1940,2021-07-20 20:00:00,78700.0
1941,2021-07-20 21:00:00,78700.0
1942,2021-07-20 22:00:00,78700.0
1943,2021-07-20 23:00:00,78700.0
1944,2021-07-21 00:00:00,78700.0
1945,2021-07-21 01:00:00,78700.0
1946,2021-07-21 02:00:00,78700.0
1947,2021-07-21 03:00:00,78700.0
1948,2021-07-21 04:00:00,78700.0
1949,2021-07-21 05:00:00,78700.0
1950,2021-07-21 06:00:00,78700.0
1951,2021-07-21 07:00:00,78700.0
1952,2021-07-21 08:00:00,78700.0
1953,2021-07-21 09:00:00,78700.0
1954,2021-07-21 10:00:00,78600.0
1955,2021-07-21 11:00:00,78600.0
1956,2021-07-21 12:00:00,78600.0
1957,2021-07-21 13:00:00,78600.0
1958,2021-07-21 14:00:00,78600.0
1959,2021-07-21 15:00:00,78700.0
1960,2021-07-21 16:00:00,78700.0
1961,2021-07-21 17:00:00,78700.0
1962,2021-07-21 18:00:00,78700.0
1963,2021-07-21 19:00:00,78700.0
1964,2021-07-21 20:00:00,78700.0
1965,2021-07-21 21:00:00,78700.0
1966,2021-07-21 22:00:00,78700.0
1967,2021-07-21 23:00:00,78700.0
1968,2021-07-22 00:00:00,78700.0
1969,2021-07-22 01:00:00,78700.0
1970,2021-07-22 02:00:00,78700.0
1971,2021-07-22 03:00:00,78700.0
1972,2021-07-22 04:00:00,78700.0
1973,2021-07-22 05:00:00,78700.0
1974,2021-07-22 06:00:00,78700.0
1975,2021-07-22 07:00:00,78700.0
1976,2021-07-22 08:00:00,78700.0
1977,2021-07-22 09:00:00,78700.0
1978,2021-07-22 10:00:00,79400.0
1979,2021-07-22 11:00:00,79600.0
1980,2021-07-22 12:00:00,79600.0
1981,2021-07-22 13:00:00,79500.0
1982,2021-07-22 14:00:00,79700.0
1983,2021-07-22 15:00:00,79600.0
1984,2021-07-22 16:00:00,79600.0
1985,2021-07-22 17:00:00,79600.0
1986,2021-07-22 18:00:00,79600.0
1987,2021-07-22 19:00:00,79600.0
1988,2021-07-22 20:00:00,79600.0
1989,2021-07-22 21:00:00,79600.0
1990,2021-07-22 22:00:00,79600.0
1991,2021-07-22 23:00:00,79600.0
1992,2021-07-23 00:00:00,79600.0
1993,2021-07-23 01:00:00,79600.0
1994,2021-07-23 02:00:00,79600.0
1995,2021-07-23 03:00:00,79600.0
1996,2021-07-23 04:00:00,79600.0
1997,2021-07-23 05:00:00,79600.0
1998,2021-07-23 06:00:00,79600.0
1999,2021-07-23 07:00:00,79600.0
2000,2021-07-23 08:00:00,79600.0
2001,2021-07-23 09:00:00,79600.0
2002,2021-07-23 10:00:00,79700.0
2003,2021-07-23 11:00:00,79600.0
2004,2021-07-23 12:00:00,79600.0
2005,2021-07-23 13:00:00,79500.0
2006,2021-07-23 14:00:00,79400.0
2007,2021-07-23 15:00:00,79400.0
2008,2021-07-23 16:00:00,79400.0
2009,2021-07-23 17:00:00,79400.0
2010,2021-07-23 18:00:00,79400.0
2011,2021-07-23 19:00:00,79400.0
2012,2021-07-23 20:00:00,79400.0
2013,2021-07-23 21:00:00,79400.0
2014,2021-07-23 22:00:00,79400.0
2015,2021-07-23 23:00:00,79400.0
2016,2021-07-24 00:00:00,79400.0
2017,2021-07-24 01:00:00,79400.0
2018,2021-07-24 02:00:00,79400.0
2019,2021-07-24 03:00:00,79400.0
2020,2021-07-24 04:00:00,79400.0
2021,2021-07-24 05:00:00,79400.0
2022,2021-07-24 06:00:00,79400.0
2023,2021-07-24 07:00:00,79400.0
2024,2021-07-24 08:00:00,79400.0
2025,2021-07-24 09:00:00,79400.0
2026,2021-07-24 10:00:00,79400.0
2027,2021-07-24 11:00:00,79400.0
2028,2021-07-24 12:00:00,79400.0
2029,2021-07-24 13:00:00,79400.0
2030,2021-07-24 14:00:00,79400.0
2031,2021-07-24 15:00:00,79400.0
2032,2021-07-24 16:00:00,79400.0
2033,2021-07-24 17:00:00,79400.0
2034,2021-07-24 18:00:00,79400.0
2035,2021-07-24 19:00:00,79400.0
2036,2021-07-24 20:00:00,79400.0
2037,2021-07-24 21:00:00,79400.0
2038,2021-07-24 22:00:00,79400.0
2039,2021-07-24 23:00:00,79400.0
2040,2021-07-25 00:00:00,79400.0
2041,2021-07-25 01:00:00,79400.0
2042,2021-07-25 02:00:00,79400.0
2043,2021-07-25 03:00:00,79400.0
2044,2021-07-25 04:00:00,79400.0
2045,2021-07-25 05:00:00,79400.0
2046,2021-07-25 06:00:00,79400.0
2047,2021-07-25 07:00:00,79400.0
2048,2021-07-25 08:00:00,79400.0
2049,2021-07-25 09:00:00,79400.0
2050,2021-07-25 10:00:00,79400.0
2051,2021-07-25 11:00:00,79400.0
2052,2021-07-25 12:00:00,79400.0
2053,2021-07-25 13:00:00,79400.0
2054,2021-07-25 14:00:00,79400.0
2055,2021-07-25 15:00:00,79400.0
2056,2021-07-25 16:00:00,79400.0
2057,2021-07-25 17:00:00,79400.0
2058,2021-07-25 18:00:00,79400.0
2059,2021-07-25 19:00:00,79400.0
2060,2021-07-25 20:00:00,79400.0
2061,2021-07-25 21:00:00,79400.0
2062,2021-07-25 22:00:00,79400.0
2063,2021-07-25 23:00:00,79400.0
2064,2021-07-26 00:00:00,79400.0
2065,2021-07-26 01:00:00,79400.0
2066,2021-07-26 02:00:00,79400.0
2067,2021-07-26 03:00:00,79400.0
2068,2021-07-26 04:00:00,79400.0
2069,2021-07-26 05:00:00,79400.0
2070,2021-07-26 06:00:00,79400.0
2071,2021-07-26 07:00:00,79400.0
2072,2021-07-26 08:00:00,79400.0
2073,2021-07-26 09:00:00,79400.0
2074,2021-07-26 10:00:00,79200.0
2075,2021-07-26 11:00:00,79000.0
2076,2021-07-26 12:00:00,78900.0
2077,2021-07-26 13:00:00,79000.0
2078,2021-07-26 14:00:00,79000.0
2079,2021-07-26 15:00:00,78800.0
2080,2021-07-26 16:00:00,78800.0
2081,2021-07-26 17:00:00,78800.0
2082,2021-07-26 18:00:00,78800.0
2083,2021-07-26 19:00:00,78800.0
2084,2021-07-26 20:00:00,78800.0
2085,2021-07-26 21:00:00,78800.0
2086,2021-07-26 22:00:00,78800.0
2087,2021-07-26 23:00:00,78800.0
2088,2021-07-27 00:00:00,78800.0
2089,2021-07-27 01:00:00,78800.0
2090,2021-07-27 02:00:00,78800.0
2091,2021-07-27 03:00:00,78800.0
2092,2021-07-27 04:00:00,78800.0
2093,2021-07-27 05:00:00,78800.0
2094,2021-07-27 06:00:00,78800.0
2095,2021-07-27 07:00:00,78800.0
2096,2021-07-27 08:00:00,78800.0
2097,2021-07-27 09:00:00,78800.0
2098,2021-07-27 10:00:00,78900.0
2099,2021-07-27 11:00:00,79000.0
2100,2021-07-27 12:00:00,79000.0
2101,2021-07-27 13:00:00,79000.0
2102,2021-07-27 14:00:00,78800.0
2103,2021-07-27 15:00:00,78700.0
2104,2021-07-27 16:00:00,78700.0
2105,2021-07-27 17:00:00,78700.0
2106,2021-07-27 18:00:00,78700.0
2107,2021-07-27 19:00:00,78700.0
2108,2021-07-27 20:00:00,78700.0
2109,2021-07-27 21:00:00,78700.0
2110,2021-07-27 22:00:00,78700.0
2111,2021-07-27 23:00:00,78700.0
2112,2021-07-28 00:00:00,78700.0
2113,2021-07-28 01:00:00,78700.0
2114,2021-07-28 02:00:00,78700.0
2115,2021-07-28 03:00:00,78700.0
2116,2021-07-28 04:00:00,78700.0
2117,2021-07-28 05:00:00,78700.0
2118,2021-07-28 06:00:00,78700.0
2119,2021-07-28 07:00:00,78700.0
2120,2021-07-28 08:00:00,78700.0
2121,2021-07-28 09:00:00,78700.0
2122,2021-07-28 10:00:00,78700.0
2123,2021-07-28 11:00:00,78600.0
2124,2021-07-28 12:00:00,78600.0
2125,2021-07-28 13:00:00,78500.0
2126,2021-07-28 14:00:00,78300.0
2127,2021-07-28 15:00:00,78500.0
2128,2021-07-28 16:00:00,78500.0
2129,2021-07-28 17:00:00,78500.0
2130,2021-07-28 18:00:00,78500.0
2131,2021-07-28 19:00:00,78500.0
2132,2021-07-28 20:00:00,78500.0
2133,2021-07-28 21:00:00,78500.0
2134,2021-07-28 22:00:00,78500.0
2135,2021-07-28 23:00:00,78500.0
2136,2021-07-29 00:00:00,78500.0
2137,2021-07-29 01:00:00,78500.0
2138,2021-07-29 02:00:00,78500.0
2139,2021-07-29 03:00:00,78500.0
2140,2021-07-29 04:00:00,78500.0
2141,2021-07-29 05:00:00,78500.0
2142,2021-07-29 06:00:00,78500.0
2143,2021-07-29 07:00:00,78500.0
2144,2021-07-29 08:00:00,78500.0
2145,2021-07-29 09:00:00,78500.0
2146,2021-07-29 10:00:00,79300.0
2147,2021-07-29 11:00:00,78900.0
2148,2021-07-29 12:00:00,79100.0
2149,2021-07-29 13:00:00,79000.0
2150,2021-07-29 14:00:00,78900.0
2151,2021-07-29 15:00:00,79100.0
2152,2021-07-29 16:00:00,79100.0
2153,2021-07-29 17:00:00,79100.0
2154,2021-07-29 18:00:00,79100.0
2155,2021-07-29 19:00:00,79100.0
2156,2021-07-29 20:00:00,79100.0
2157,2021-07-29 21:00:00,79100.0
2158,2021-07-29 22:00:00,79100.0
2159,2021-07-29 23:00:00,79100.0
2160,2021-07-30 00:00:00,79100.0
2161,2021-07-30 01:00:00,79100.0
2162,2021-07-30 02:00:00,79100.0
2163,2021-07-30 03:00:00,79100.0
2164,2021-07-30 04:00:00,79100.0
2165,2021-07-30 05:00:00,79100.0
2166,2021-07-30 06:00:00,79100.0
2167,2021-07-30 07:00:00,79100.0
2168,2021-07-30 08:00:00,79100.0
2169,2021-07-30 09:00:00,79100.0
2170,2021-07-30 10:00:00,78700.0
2171,2021-07-30 11:00:00,78700.0
2172,2021-07-30 12:00:00,78600.0
2173,2021-07-30 13:00:00,78600.0
2174,2021-07-30 14:00:00,78600.0
2175,2021-07-30 15:00:00,78600.0
2176,2021-07-30 16:00:00,78600.0
2177,2021-07-30 17:00:00,78600.0
2178,2021-07-30 18:00:00,78600.0
2179,2021-07-30 19:00:00,78600.0
2180,2021-07-30 20:00:00,78600.0
2181,2021-07-30 21:00:00,78600.0
2182,2021-07-30 22:00:00,78600.0
2183,2021-07-30 23:00:00,78600.0
2184,2021-07-31 00:00:00,78600.0
